learning_rate,learner,embedding_size,weight_decay,train_batch_size,mae,rmse
0.001,adam,32,0.01,500,0.6015446186065674,0.5908381938934326
0.001,adam,32,0.01,500,0.5879116654396057,0.5679729580879211
0.001,adam,32,0.01,500,0.5971704721450806,0.581844687461853
0.001,adam,32,0.01,500,0.5916924476623535,0.5760267376899719
0.001,adam,32,0.01,500,0.6005303263664246,0.5919257402420044
0.001,adam,32,0.01,1000,0.6054101586341858,0.5925571918487549
0.001,adam,32,0.01,1000,0.589120626449585,0.5712087750434875
0.001,adam,32,0.01,1000,0.6005125045776367,0.5866135358810425
0.001,adam,32,0.01,1000,0.5927209258079529,0.5790911316871643
0.001,adam,32,0.01,1000,0.6026732921600342,0.5937308669090271
0.001,adam,32,0.1,500,0.6039037108421326,0.5929520130157471
0.001,adam,32,0.1,500,0.5879706144332886,0.5701020956039429
0.001,adam,32,0.1,500,0.5989224910736084,0.5834848880767822
0.001,adam,32,0.1,500,0.5908033847808838,0.5765424966812134
0.001,adam,32,0.1,500,0.5984169244766235,0.5910120606422424
0.001,adam,32,0.1,1000,0.6045709252357483,0.59357750415802
0.001,adam,32,0.1,1000,0.5918450951576233,0.5728726387023926
0.001,adam,32,0.1,1000,0.6026276350021362,0.589370846748352
0.001,adam,32,0.1,1000,0.5936418175697327,0.5777576565742493
0.001,adam,32,0.1,1000,0.6042092442512512,0.5950083136558533
0.001,adam,128,0.01,500,0.6007206439971924,0.5908405184745789
0.001,adam,128,0.01,500,0.5851076245307922,0.5680326819419861
0.001,adam,128,0.01,500,0.5967528223991394,0.5818852782249451
0.001,adam,128,0.01,500,0.5908541679382324,0.5743179321289062
0.001,adam,128,0.01,500,0.5971773862838745,0.5891501903533936
0.001,adam,128,0.01,1000,0.60428386926651,0.5919833183288574
0.001,adam,128,0.01,1000,0.5878146886825562,0.568908154964447
0.001,adam,128,0.01,1000,0.5999808311462402,0.5869895219802856
0.001,adam,128,0.01,1000,0.5909045338630676,0.575019359588623
0.001,adam,128,0.01,1000,0.5995623469352722,0.5897367596626282
0.001,adam,128,0.1,500,0.5998811721801758,0.5872666239738464
0.001,adam,128,0.1,500,0.5876662135124207,0.5670309066772461
0.001,adam,128,0.1,500,0.5966588854789734,0.5820198059082031
0.001,adam,128,0.1,500,0.5887683629989624,0.5740582346916199
0.001,adam,128,0.1,500,0.6012791991233826,0.591343104839325
0.001,adam,128,0.1,1000,0.6027581691741943,0.5910381078720093
0.001,adam,128,0.1,1000,0.5893828868865967,0.5713220238685608
0.001,adam,128,0.1,1000,0.5958710312843323,0.5820703506469727
0.001,adam,128,0.1,1000,0.5907068252563477,0.5752889513969421
0.001,adam,128,0.1,1000,0.6035032868385315,0.5953241586685181
0.001,RMSprop,32,0.01,500,0.6052666306495667,0.5917854309082031
0.001,RMSprop,32,0.01,500,0.5914308428764343,0.5683888792991638
0.001,RMSprop,32,0.01,500,0.6001479029655457,0.5841795206069946
0.001,RMSprop,32,0.01,500,0.5923343896865845,0.5749104619026184
0.001,RMSprop,32,0.01,500,0.5999985933303833,0.5884522795677185
0.001,RMSprop,32,0.01,1000,0.6042981743812561,0.5902678370475769
0.001,RMSprop,32,0.01,1000,0.5924871563911438,0.5707205533981323
0.001,RMSprop,32,0.01,1000,0.6036186814308167,0.5853155255317688
0.001,RMSprop,32,0.01,1000,0.5957731008529663,0.5776604413986206
0.001,RMSprop,32,0.01,1000,0.6014231443405151,0.5905867218971252
0.001,RMSprop,32,0.1,500,0.6041843295097351,0.5911630392074585
0.001,RMSprop,32,0.1,500,0.589344322681427,0.5683035850524902
0.001,RMSprop,32,0.1,500,0.601028561592102,0.5837741494178772
0.001,RMSprop,32,0.1,500,0.5920866131782532,0.5753293037414551
0.001,RMSprop,32,0.1,500,0.6020072102546692,0.5912596583366394
0.001,RMSprop,32,0.1,1000,0.6058380007743835,0.5956381559371948
0.001,RMSprop,32,0.1,1000,0.5923077464103699,0.5699533224105835
0.001,RMSprop,32,0.1,1000,0.6058129072189331,0.5896531343460083
0.001,RMSprop,32,0.1,1000,0.5961779356002808,0.5765017867088318
0.001,RMSprop,32,0.1,1000,0.6035022735595703,0.5916674733161926
0.001,RMSprop,128,0.01,500,0.5994157195091248,0.5852643251419067
0.001,RMSprop,128,0.01,500,0.5912234783172607,0.5710070729255676
0.001,RMSprop,128,0.01,500,0.5987653732299805,0.5808354020118713
0.001,RMSprop,128,0.01,500,0.5900416374206543,0.569748044013977
0.001,RMSprop,128,0.01,500,0.5985984206199646,0.5860323905944824
0.001,RMSprop,128,0.01,1000,0.6036949753761292,0.5871608853340149
0.001,RMSprop,128,0.01,1000,0.5881022214889526,0.5658015012741089
0.001,RMSprop,128,0.01,1000,0.5974809527397156,0.5799264907836914
0.001,RMSprop,128,0.01,1000,0.5920409560203552,0.5746886730194092
0.001,RMSprop,128,0.01,1000,0.5990656018257141,0.5852321982383728
0.001,RMSprop,128,0.1,500,0.6035545468330383,0.5871190428733826
0.001,RMSprop,128,0.1,500,0.592877984046936,0.5717884302139282
0.001,RMSprop,128,0.1,500,0.596410870552063,0.5804051756858826
0.001,RMSprop,128,0.1,500,0.590481698513031,0.5716602206230164
0.001,RMSprop,128,0.1,500,0.5972484350204468,0.5850825905799866
0.001,RMSprop,128,0.1,1000,0.6041415333747864,0.5873469114303589
0.001,RMSprop,128,0.1,1000,0.5919255614280701,0.5682845711708069
0.001,RMSprop,128,0.1,1000,0.6010696291923523,0.5804445743560791
0.001,RMSprop,128,0.1,1000,0.5911188125610352,0.5731320381164551
0.001,RMSprop,128,0.1,1000,0.6037085652351379,0.5888686776161194
0.01,adam,32,0.01,500,0.6043541431427002,0.5931933522224426
0.01,adam,32,0.01,500,0.5914466977119446,0.5731946229934692
0.01,adam,32,0.01,500,0.6014136672019958,0.5868189334869385
0.01,adam,32,0.01,500,0.5953118801116943,0.5792996883392334
0.01,adam,32,0.01,500,0.5994361639022827,0.5903018116950989
0.01,adam,32,0.01,1000,0.6018901467323303,0.5933018922805786
0.01,adam,32,0.01,1000,0.5880897045135498,0.5713029503822327
0.01,adam,32,0.01,1000,0.600145161151886,0.5886135697364807
0.01,adam,32,0.01,1000,0.5920707583427429,0.5782053470611572
0.01,adam,32,0.01,1000,0.6019917130470276,0.5954128503799438
0.01,adam,32,0.1,500,0.6114615201950073,0.6060402393341064
0.01,adam,32,0.1,500,0.5927370190620422,0.5750218033790588
0.01,adam,32,0.1,500,0.5996452569961548,0.5857766270637512
0.01,adam,32,0.1,500,0.5922525525093079,0.5774320960044861
0.01,adam,32,0.1,500,0.5982524752616882,0.5873916149139404
0.01,adam,32,0.1,1000,0.6028677821159363,0.5902396440505981
0.01,adam,32,0.1,1000,0.5881200432777405,0.571060299873352
0.01,adam,32,0.1,1000,0.5985934734344482,0.5851142406463623
0.01,adam,32,0.1,1000,0.5924249291419983,0.5801724195480347
0.01,adam,32,0.1,1000,0.5972187519073486,0.5901623964309692
0.01,adam,128,0.01,500,0.6085762977600098,0.5990421772003174
0.01,adam,128,0.01,500,0.5953816771507263,0.580669641494751
0.01,adam,128,0.01,500,0.601173460483551,0.5889355540275574
0.01,adam,128,0.01,500,0.5964509844779968,0.5832375884056091
0.01,adam,128,0.01,500,0.6047266721725464,0.596746563911438
0.01,adam,128,0.01,1000,0.6034820079803467,0.5963584780693054
0.01,adam,128,0.01,1000,0.587898850440979,0.5702114701271057
0.01,adam,128,0.01,1000,0.6000731587409973,0.5869814157485962
0.01,adam,128,0.01,1000,0.5940027236938477,0.5809932351112366
0.01,adam,128,0.01,1000,0.6000712513923645,0.5934457182884216
0.01,adam,128,0.1,500,0.6076676845550537,0.5993117094039917
0.01,adam,128,0.1,500,0.5940116047859192,0.5753369927406311
0.01,adam,128,0.1,500,0.6016923189163208,0.5872163772583008
0.01,adam,128,0.1,500,0.5968786478042603,0.5823070406913757
0.01,adam,128,0.1,500,0.6060500741004944,0.5986119508743286
0.01,adam,128,0.1,1000,0.6046385765075684,0.5938103795051575
0.01,adam,128,0.1,1000,0.5880678296089172,0.5763469338417053
0.01,adam,128,0.1,1000,0.5987598896026611,0.584372341632843
0.01,adam,128,0.1,1000,0.5949268937110901,0.5804553031921387
0.01,adam,128,0.1,1000,0.6077519059181213,0.5976754426956177
0.01,RMSprop,32,0.01,500,0.6025531888008118,0.591189980506897
0.01,RMSprop,32,0.01,500,0.5876539945602417,0.572409987449646
0.01,RMSprop,32,0.01,500,0.5987759828567505,0.5803159475326538
0.01,RMSprop,32,0.01,500,0.5915079712867737,0.5727427005767822
0.01,RMSprop,32,0.01,500,0.6008704304695129,0.5869870185852051
0.01,RMSprop,32,0.01,1000,0.6045154929161072,0.5962845087051392
0.01,RMSprop,32,0.01,1000,0.591239869594574,0.569675862789154
0.01,RMSprop,32,0.01,1000,0.597424328327179,0.5842319130897522
0.01,RMSprop,32,0.01,1000,0.5927262306213379,0.575774073600769
0.01,RMSprop,32,0.01,1000,0.5980211496353149,0.5861102342605591
0.01,RMSprop,32,0.1,500,0.602797269821167,0.5901448726654053
0.01,RMSprop,32,0.1,500,0.5884230136871338,0.5680546760559082
0.01,RMSprop,32,0.1,500,0.5966487526893616,0.581217885017395
0.01,RMSprop,32,0.1,500,0.5959816575050354,0.5769338011741638
0.01,RMSprop,32,0.1,500,0.6143828630447388,0.6065551042556763
0.01,RMSprop,32,0.1,1000,0.6016778349876404,0.5916890501976013
0.01,RMSprop,32,0.1,1000,0.5912215113639832,0.5699974298477173
0.01,RMSprop,32,0.1,1000,0.600376546382904,0.5822734832763672
0.01,RMSprop,32,0.1,1000,0.5939671397209167,0.580608606338501
0.01,RMSprop,32,0.1,1000,0.5999429225921631,0.5880641341209412
0.01,RMSprop,128,0.01,500,0.6116472482681274,0.603056788444519
0.01,RMSprop,128,0.01,500,0.5909388661384583,0.5713715553283691
0.01,RMSprop,128,0.01,500,0.6008731126785278,0.583410382270813
0.01,RMSprop,128,0.01,500,0.597480833530426,0.5808367133140564
0.01,RMSprop,128,0.01,500,0.6088318824768066,0.5947830677032471
0.01,RMSprop,128,0.01,1000,0.6160683035850525,0.6013795137405396
0.01,RMSprop,128,0.01,1000,0.5890138745307922,0.5668676495552063
0.01,RMSprop,128,0.01,1000,0.5963762998580933,0.5797968506813049
0.01,RMSprop,128,0.01,1000,0.5904097557067871,0.5809546709060669
0.01,RMSprop,128,0.01,1000,0.5960590243339539,0.5862770676612854
0.01,RMSprop,128,0.1,500,0.6055032014846802,0.5962809324264526
0.01,RMSprop,128,0.1,500,0.5879443287849426,0.5703166127204895
0.01,RMSprop,128,0.1,500,0.6013362407684326,0.5827119946479797
0.01,RMSprop,128,0.1,500,0.5991994142532349,0.581275463104248
0.01,RMSprop,128,0.1,500,0.5978058576583862,0.5857574343681335
0.01,RMSprop,128,0.1,1000,0.6060240268707275,0.5901459455490112
0.01,RMSprop,128,0.1,1000,0.5841061472892761,0.5646821856498718
0.01,RMSprop,128,0.1,1000,0.598242998123169,0.5884031653404236
0.01,RMSprop,128,0.1,1000,0.5893779397010803,0.5727338790893555
0.01,RMSprop,128,0.1,1000,0.5996496677398682,0.5856784582138062
0.1,adam,32,0.01,500,0.6715859174728394,0.6710737347602844
0.1,adam,32,0.01,500,0.6822959184646606,0.7007295489311218
0.1,adam,32,0.01,500,0.6885218024253845,0.7077691555023193
0.1,adam,32,0.01,500,0.6765817403793335,0.677786648273468
0.1,adam,32,0.01,500,0.6441053152084351,0.6497838497161865
0.1,adam,32,0.01,1000,0.6604732275009155,0.6722493171691895
0.1,adam,32,0.01,1000,0.6232348680496216,0.6099217534065247
0.1,adam,32,0.01,1000,0.6293764710426331,0.6187970042228699
0.1,adam,32,0.01,1000,0.6188463568687439,0.6108356714248657
0.1,adam,32,0.01,1000,0.6225265264511108,0.6194020509719849
0.1,adam,32,0.1,500,0.6645204424858093,0.7039264440536499
0.1,adam,32,0.1,500,0.6732878684997559,0.6782251596450806
0.1,adam,32,0.1,500,0.666567862033844,0.67024165391922
0.1,adam,32,0.1,500,0.6303586959838867,0.6341139078140259
0.1,adam,32,0.1,500,0.6898770928382874,0.7618208527565002
0.1,adam,32,0.1,1000,0.631730854511261,0.6253998875617981
0.1,adam,32,0.1,1000,0.640878438949585,0.6288010478019714
0.1,adam,32,0.1,1000,0.6528058052062988,0.6479985117912292
0.1,adam,32,0.1,1000,0.6428636312484741,0.6357797980308533
0.1,adam,32,0.1,1000,0.6470535397529602,0.6386494636535645
0.1,adam,128,0.01,500,0.8152846097946167,1.0719808340072632
0.1,adam,128,0.01,500,0.8039209246635437,1.040770411491394
0.1,adam,128,0.01,500,0.813143253326416,1.0609214305877686
0.1,adam,128,0.01,500,0.8295776844024658,1.1377493143081665
0.1,adam,128,0.01,500,0.8501903414726257,1.1719505786895752
0.1,adam,128,0.01,1000,0.6953504681587219,0.7532587647438049
0.1,adam,128,0.01,1000,0.7232693433761597,0.7938235998153687
0.1,adam,128,0.01,1000,0.7739737629890442,0.9916995763778688
0.1,adam,128,0.01,1000,0.6829450130462646,0.7276731729507446
0.1,adam,128,0.01,1000,0.7349892258644104,0.829833984375
0.1,adam,128,0.1,500,0.7453868389129639,0.9307684898376464
0.1,adam,128,0.1,500,0.8086715936660767,1.0584580898284912
0.1,adam,128,0.1,500,0.8272989392280579,1.123896837234497
0.1,adam,128,0.1,500,0.8551202416419983,1.2069029808044434
0.1,adam,128,0.1,500,0.8065184950828552,1.065881609916687
0.1,adam,128,0.1,1000,0.735397219657898,0.8250128626823425
0.1,adam,128,0.1,1000,0.7189666628837585,0.7847316861152649
0.1,adam,128,0.1,1000,0.7029977440834045,0.7605961561203003
0.1,adam,128,0.1,1000,0.7180216312408447,0.7877268195152283
0.1,adam,128,0.1,1000,0.6793479919433594,0.7156074643135071
0.1,RMSprop,32,0.01,500,0.690368115901947,0.6964637637138367
0.1,RMSprop,32,0.01,500,0.6535875797271729,0.6617870330810547
0.1,RMSprop,32,0.01,500,0.6766427159309387,0.6986060738563538
0.1,RMSprop,32,0.01,500,0.6466734409332275,0.6420885324478149
0.1,RMSprop,32,0.01,500,0.6787469983100891,0.6839319467544556
0.1,RMSprop,32,0.01,1000,0.7100239396095276,0.7683964371681213
0.1,RMSprop,32,0.01,1000,0.6320673227310181,0.6214907765388489
0.1,RMSprop,32,0.01,1000,0.6660728454589844,0.6844257712364197
0.1,RMSprop,32,0.01,1000,0.6324198842048645,0.6126446723937988
0.1,RMSprop,32,0.01,1000,0.6446996331214905,0.6648641228675842
0.1,RMSprop,32,0.1,500,0.6740359663963318,0.6873435378074646
0.1,RMSprop,32,0.1,500,0.6544439792633057,0.6851781606674194
0.1,RMSprop,32,0.1,500,0.7023670077323914,0.7275235056877136
0.1,RMSprop,32,0.1,500,0.6804125308990479,0.6872693300247192
0.1,RMSprop,32,0.1,500,0.6666035652160645,0.6777245998382568
0.1,RMSprop,32,0.1,1000,0.6657395958900452,0.6777365803718567
0.1,RMSprop,32,0.1,1000,0.6230573058128357,0.6217895150184631
0.1,RMSprop,32,0.1,1000,0.6390522718429565,0.6534848809242249
0.1,RMSprop,32,0.1,1000,0.6555336713790894,0.6938480734825134
0.1,RMSprop,32,0.1,1000,0.6314887404441833,0.6525692939758301
0.1,RMSprop,128,0.01,500,0.7435982823371887,0.8696921467781067
0.1,RMSprop,128,0.01,500,0.6571118831634521,0.6755020022392273
0.1,RMSprop,128,0.01,500,0.6817858815193176,0.6840289235115051
0.1,RMSprop,128,0.01,500,0.7274340391159058,0.8134652376174927
0.1,RMSprop,128,0.01,500,0.6947392225265503,0.7153276205062866
0.1,RMSprop,128,0.01,1000,0.7221198678016663,0.7495968341827393
0.1,RMSprop,128,0.01,1000,1.8014270067214966,6.1420512199401855
0.1,RMSprop,128,0.01,1000,0.6753787994384766,0.6729747653007507
0.1,RMSprop,128,0.01,1000,0.6766827702522278,0.6990110278129578
0.1,RMSprop,128,0.01,1000,0.6843914985656738,0.7112314701080322
0.1,RMSprop,128,0.1,500,0.7058849930763245,0.758305549621582
0.1,RMSprop,128,0.1,500,0.6905417442321777,0.7523354887962341
0.1,RMSprop,128,0.1,500,0.7179526090621948,0.8149735331535339
0.1,RMSprop,128,0.1,500,0.7504334449768066,0.8533085584640503
0.1,RMSprop,128,0.1,500,0.6774420142173767,0.7057810425758362
0.1,RMSprop,128,0.1,1000,0.6921990513801575,0.7075490355491638
0.1,RMSprop,128,0.1,1000,0.6861401796340942,0.7141430974006653
0.1,RMSprop,128,0.1,1000,0.7258575558662415,0.8035904169082642
0.1,RMSprop,128,0.1,1000,0.6931135058403015,0.7159955501556396
0.1,RMSprop,128,0.1,1000,0.6638278365135193,0.6803691387176514
0.001,adam,64,0.01,500,0.6037260293960571,0.5918712019920349
0.001,adam,64,0.01,500,0.5872426629066467,0.5687891840934753
0.001,adam,64,0.01,500,0.5964248180389404,0.582810640335083
0.001,adam,64,0.01,500,0.5923629403114319,0.5742190480232239
0.001,adam,64,0.01,500,0.6018083095550537,0.5912209153175354
0.001,adam,64,0.01,1000,0.6027088165283203,0.5917437672615051
0.001,adam,64,0.01,1000,0.5883955955505371,0.5690569877624512
0.001,adam,64,0.01,1000,0.5987719297409058,0.5858344435691833
0.001,adam,64,0.01,1000,0.5923099517822266,0.5767796635627747
0.001,adam,64,0.01,1000,0.6007624268531799,0.5934672355651855
0.001,adam,64,0.1,500,0.6018469929695129,0.5897428393363953
0.001,adam,64,0.1,500,0.5885016918182373,0.5692113637924194
0.001,adam,64,0.1,500,0.5998596549034119,0.5868672132492065
0.001,adam,64,0.1,500,0.5910382270812988,0.5743094682693481
0.001,adam,64,0.1,500,0.5996208190917969,0.5913954973220825
0.001,adam,64,0.1,1000,0.6020593047142029,0.5909227728843689
0.001,adam,64,0.1,1000,0.5882561206817627,0.5693655014038086
0.001,adam,64,0.1,1000,0.5992739200592041,0.5852171182632446
0.001,adam,64,0.1,1000,0.5915771722793579,0.5747405290603638
0.001,adam,64,0.1,1000,0.5992355942726135,0.5902053713798523
0.001,adam,512,0.01,500,0.6006054282188416,0.5910723805427551
0.001,adam,512,0.01,500,0.5885568857192993,0.5710718631744385
0.001,adam,512,0.01,500,0.5956217646598816,0.5816754102706909
0.001,adam,512,0.01,500,0.5900177955627441,0.5730264782905579
0.001,adam,512,0.01,500,0.5996413230895996,0.5918450951576233
0.001,adam,512,0.01,1000,0.6012904644012451,0.5909956693649292
0.001,adam,512,0.01,1000,0.5860775709152222,0.5672655701637268
0.001,adam,512,0.01,1000,0.5966302752494812,0.5807383060455322
0.001,adam,512,0.01,1000,0.5903034806251526,0.575317919254303
0.001,adam,512,0.01,1000,0.597954273223877,0.5894429683685303
0.001,adam,512,0.1,500,0.6022521257400513,0.5907608866691589
0.001,adam,512,0.1,500,0.5896613001823425,0.5731291770935059
0.001,adam,512,0.1,500,0.5952375531196594,0.5816969275474548
0.001,adam,512,0.1,500,0.5915636420249939,0.5764544010162354
0.001,adam,512,0.1,500,0.5979655385017395,0.5899742245674133
0.001,adam,512,0.1,1000,0.6038334965705872,0.5932523608207703
0.001,adam,512,0.1,1000,0.5856994390487671,0.5678762793540955
0.001,adam,512,0.1,1000,0.5963889360427856,0.5824613571166992
0.001,adam,512,0.1,1000,0.5903807878494263,0.5753645300865173
0.001,adam,512,0.1,1000,0.5997191071510315,0.5920165181159973
0.001,RMSprop,64,0.01,500,0.6009461879730225,0.5889616012573242
0.001,RMSprop,64,0.01,500,0.5907018780708313,0.56707364320755
0.001,RMSprop,64,0.01,500,0.597624659538269,0.5810753703117371
0.001,RMSprop,64,0.01,500,0.5916698575019836,0.5713837742805481
0.001,RMSprop,64,0.01,500,0.5967085957527161,0.5846489071846008
0.001,RMSprop,64,0.01,1000,0.6031104922294617,0.5892613530158997
0.001,RMSprop,64,0.01,1000,0.591140866279602,0.5686490535736084
0.001,RMSprop,64,0.01,1000,0.6005311608314514,0.5816941261291504
0.001,RMSprop,64,0.01,1000,0.5919319987297058,0.5716643929481506
0.001,RMSprop,64,0.01,1000,0.6017987132072449,0.5887411832809448
0.001,RMSprop,64,0.1,500,0.601435661315918,0.5894425511360168
0.001,RMSprop,64,0.1,500,0.5916919112205505,0.5686354637145996
0.001,RMSprop,64,0.1,500,0.5986443758010864,0.5812761187553406
0.001,RMSprop,64,0.1,500,0.5905690789222717,0.5724123120307922
0.001,RMSprop,64,0.1,500,0.6001229882240295,0.5868549346923828
0.001,RMSprop,64,0.1,1000,0.6050406098365784,0.588483989238739
0.001,RMSprop,64,0.1,1000,0.590462863445282,0.568314790725708
0.001,RMSprop,64,0.1,1000,0.6006677746772766,0.5839852094650269
0.001,RMSprop,64,0.1,1000,0.5926504731178284,0.5739684700965881
0.001,RMSprop,64,0.1,1000,0.6051266193389893,0.5915725827217102
0.001,RMSprop,512,0.01,500,0.6015781760215759,0.5861979722976685
0.001,RMSprop,512,0.01,500,0.5867272615432739,0.5638940334320068
0.001,RMSprop,512,0.01,500,0.5956749320030212,0.5784119963645935
0.001,RMSprop,512,0.01,500,0.5925867557525635,0.569092333316803
0.001,RMSprop,512,0.01,500,0.5978386998176575,0.5862507820129395
0.001,RMSprop,512,0.01,1000,0.6011730432510376,0.5860335230827332
0.001,RMSprop,512,0.01,1000,0.5886004567146301,0.5632040500640869
0.001,RMSprop,512,0.01,1000,0.5977829098701477,0.5779683589935303
0.001,RMSprop,512,0.01,1000,0.5910492539405823,0.5689083337783813
0.001,RMSprop,512,0.01,1000,0.600013792514801,0.5854963064193726
0.001,RMSprop,512,0.1,500,0.6004979610443115,0.588126540184021
0.001,RMSprop,512,0.1,500,0.5887784957885742,0.56509929895401
0.001,RMSprop,512,0.1,500,0.5964309573173523,0.5794710516929626
0.001,RMSprop,512,0.1,500,0.5930547714233398,0.571752667427063
0.001,RMSprop,512,0.1,500,0.600906252861023,0.5864887833595276
0.001,RMSprop,512,0.1,1000,0.6030953526496887,0.5880983471870422
0.001,RMSprop,512,0.1,1000,0.5886745452880859,0.5640279054641724
0.001,RMSprop,512,0.1,1000,0.5997681617736816,0.580553412437439
0.001,RMSprop,512,0.1,1000,0.5946743488311768,0.5740841627120972
0.001,RMSprop,512,0.1,1000,0.5992957949638367,0.5843891501426697
0.01,adam,64,0.01,500,0.603864848613739,0.5955013036727905
0.01,adam,64,0.01,500,0.5958672761917114,0.5798176527023315
0.01,adam,64,0.01,500,0.600545346736908,0.5854059457778931
0.01,adam,64,0.01,500,0.5976382493972778,0.5861074328422546
0.01,adam,64,0.01,500,0.5980256199836731,0.5900868773460388
0.01,adam,64,0.01,1000,0.6033952832221985,0.5956889986991882
0.01,adam,64,0.01,1000,0.5916728973388672,0.5722285509109497
0.01,adam,64,0.01,1000,0.5992539525032043,0.5851880311965942
0.01,adam,64,0.01,1000,0.5971601605415344,0.5833092927932739
0.01,adam,64,0.01,1000,0.6058295965194702,0.6008349061012268
0.01,adam,64,0.1,500,0.606346070766449,0.5992007255554199
0.01,adam,64,0.1,500,0.5877118706703186,0.5696572661399841
0.01,adam,64,0.1,500,0.6010656356811523,0.5874974727630615
0.01,adam,64,0.1,500,0.5946540236473083,0.5771153569221497
0.01,adam,64,0.1,500,0.6010998487472534,0.5909632444381714
0.01,adam,64,0.1,1000,0.6064215302467346,0.5978509187698364
0.01,adam,64,0.1,1000,0.5872020125389099,0.568506121635437
0.01,adam,64,0.1,1000,0.6011543869972229,0.592972993850708
0.01,adam,64,0.1,1000,0.5928988456726074,0.5789827108383179
0.01,adam,64,0.1,1000,0.5966318249702454,0.5870423316955566
0.01,adam,512,0.01,500,0.6161566376686096,0.6104212999343872
0.01,adam,512,0.01,500,0.6111462712287903,0.6055191159248352
0.01,adam,512,0.01,500,0.6103537678718567,0.6009823083877563
0.01,adam,512,0.01,500,0.6026202440261841,0.5913539528846741
0.01,adam,512,0.01,500,0.6079479455947876,0.6087992191314697
0.01,adam,512,0.01,1000,0.6045628786087036,0.594767689704895
0.01,adam,512,0.01,1000,0.5940961837768555,0.5737152695655823
0.01,adam,512,0.01,1000,0.602554976940155,0.5925701856613159
0.01,adam,512,0.01,1000,0.5950652360916138,0.5818079710006714
0.01,adam,512,0.01,1000,0.6068219542503357,0.5986165404319763
0.01,adam,512,0.1,500,0.6139252185821533,0.6103247404098511
0.01,adam,512,0.1,500,0.5998836755752563,0.5840758085250854
0.01,adam,512,0.1,500,0.6147027015686035,0.610446572303772
0.01,adam,512,0.1,500,0.6030117869377136,0.5915188789367676
0.01,adam,512,0.1,500,0.6135720014572144,0.6144530177116394
0.01,adam,512,0.1,1000,0.6059549450874329,0.6016964316368103
0.01,adam,512,0.1,1000,0.5971365571022034,0.5862893462181091
0.01,adam,512,0.1,1000,0.6059268712997437,0.595072865486145
0.01,adam,512,0.1,1000,0.5980861783027649,0.5911530256271362
0.01,adam,512,0.1,1000,0.6027617454528809,0.5959361791610718
0.01,RMSprop,64,0.01,500,0.6045807600021362,0.5908341407775879
0.01,RMSprop,64,0.01,500,0.5910522937774658,0.5676594972610474
0.01,RMSprop,64,0.01,500,0.5989152789115906,0.5827549695968628
0.01,RMSprop,64,0.01,500,0.5961684584617615,0.5738692283630371
0.01,RMSprop,64,0.01,500,0.6016680002212524,0.5908203125
0.01,RMSprop,64,0.01,1000,0.6029252409934998,0.5897388458251953
0.01,RMSprop,64,0.01,1000,0.5864511728286743,0.5664616823196411
0.01,RMSprop,64,0.01,1000,0.5990888476371765,0.5823948383331299
0.01,RMSprop,64,0.01,1000,0.5901666879653931,0.5719741582870483
0.01,RMSprop,64,0.01,1000,0.6028736233711243,0.5934826731681824
0.01,RMSprop,64,0.1,500,0.606379508972168,0.5974509716033936
0.01,RMSprop,64,0.1,500,0.5865986347198486,0.5684524774551392
0.01,RMSprop,64,0.1,500,0.5976716876029968,0.5801355242729187
0.01,RMSprop,64,0.1,500,0.5941806435585022,0.5776817798614502
0.01,RMSprop,64,0.1,500,0.5998048782348633,0.5913190245628357
0.01,RMSprop,64,0.1,1000,0.6036884188652039,0.593468964099884
0.01,RMSprop,64,0.1,1000,0.5876851677894592,0.5733307003974915
0.01,RMSprop,64,0.1,1000,0.5989881157875061,0.583757758140564
0.01,RMSprop,64,0.1,1000,0.5914849042892456,0.5773671269416809
0.01,RMSprop,64,0.1,1000,0.6036098003387451,0.5943651795387268
0.01,RMSprop,512,0.01,500,0.6060336232185364,0.596940815448761
0.01,RMSprop,512,0.01,500,0.5910857319831848,0.5808368921279907
0.01,RMSprop,512,0.01,500,0.6023409962654114,0.588721752166748
0.01,RMSprop,512,0.01,500,0.5947077870368958,0.5768553018569946
0.01,RMSprop,512,0.01,500,0.6035318970680237,0.5893545150756836
0.01,RMSprop,512,0.01,1000,0.6051908135414124,0.5973772406578064
0.01,RMSprop,512,0.01,1000,0.6032531261444092,0.5849513411521912
0.01,RMSprop,512,0.01,1000,0.5978450775146484,0.5869814157485962
0.01,RMSprop,512,0.01,1000,0.5922908186912537,0.5740782618522644
0.01,RMSprop,512,0.01,1000,0.6065735816955566,0.6071755290031433
0.01,RMSprop,512,0.1,500,0.6078149676322937,0.5986826419830322
0.01,RMSprop,512,0.1,500,0.5978285670280457,0.5800151228904724
0.01,RMSprop,512,0.1,500,0.6032845377922058,0.594542920589447
0.01,RMSprop,512,0.1,500,0.6001977920532227,0.5894442200660706
0.01,RMSprop,512,0.1,500,0.6016912460327148,0.5924873948097229
0.01,RMSprop,512,0.1,1000,0.60150146484375,0.5946913361549377
0.01,RMSprop,512,0.1,1000,0.5917462706565857,0.5727460384368896
0.01,RMSprop,512,0.1,1000,0.5965815782546997,0.5825700759887695
0.01,RMSprop,512,0.1,1000,0.595909833908081,0.5781695246696472
0.01,RMSprop,512,0.1,1000,0.5993233919143677,0.5889646410942078
0.1,adam,64,0.01,500,0.690104603767395,0.7438792586326599
0.1,adam,64,0.01,500,0.660550594329834,0.7031564116477966
0.1,adam,64,0.01,500,0.7109580039978027,0.7629218697547913
0.1,adam,64,0.01,500,0.7019817233085632,0.7601503729820251
0.1,adam,64,0.01,500,0.7279751896858215,0.8015891909599304
0.1,adam,64,0.01,1000,0.6343171000480652,0.6400975584983826
0.1,adam,64,0.01,1000,0.6237962245941162,0.6349548101425171
0.1,adam,64,0.01,1000,0.6614599823951721,0.6763895153999329
0.1,adam,64,0.01,1000,0.6649120450019836,0.6730644106864929
0.1,adam,64,0.01,1000,0.673865795135498,0.6878150105476379
0.1,adam,64,0.1,500,0.7163994312286377,0.7852686047554016
0.1,adam,64,0.1,500,0.7378396987915039,0.823403000831604
0.1,adam,64,0.1,500,0.6926717162132263,0.7820166349411011
0.1,adam,64,0.1,500,0.6780380010604858,0.7267038822174072
0.1,adam,64,0.1,500,0.7254195213317871,0.7982995510101318
0.1,adam,64,0.1,1000,0.6439688801765442,0.6462920904159546
0.1,adam,64,0.1,1000,0.6432271599769592,0.6476464867591858
0.1,adam,64,0.1,1000,0.6435916423797607,0.6421756148338318
0.1,adam,64,0.1,1000,0.6621813178062439,0.6645408272743225
0.1,adam,64,0.1,1000,0.6622338891029358,0.6752641201019287
0.1,adam,512,0.01,500,1.3308076858520508,4.091830253601074
0.1,adam,512,0.01,500,1.4592911005020142,4.947862148284912
0.1,adam,512,0.01,500,1.2640409469604492,3.355104446411133
0.1,adam,512,0.01,500,1.0171804428100586,1.9317023754119873
0.1,adam,512,0.01,500,1.1688909530639648,2.83894944190979
0.1,adam,512,0.01,1000,0.900958240032196,1.4643657207489014
0.1,adam,512,0.01,1000,0.8084209561347961,1.0587396621704102
0.1,adam,512,0.01,1000,0.7951362729072571,1.06760835647583
0.1,adam,512,0.01,1000,0.774774432182312,0.9528451561927795
0.1,adam,512,0.01,1000,0.8829037547111511,1.3318346738815308
0.1,adam,512,0.1,500,2.1426985263824463,11.671886444091797
0.1,adam,512,0.1,500,1.4910403490066528,5.3093414306640625
0.1,adam,512,0.1,500,1.2428805828094482,3.2219460010528564
0.1,adam,512,0.1,500,1.1953619718551636,3.1177079677581787
0.1,adam,512,0.1,500,1.2067668437957764,3.0370705127716064
0.1,adam,512,0.1,1000,0.8827173113822937,1.3945013284683228
0.1,adam,512,0.1,1000,0.7648136615753174,0.9334730505943298
0.1,adam,512,0.1,1000,0.923687219619751,1.5543321371078491
0.1,adam,512,0.1,1000,0.8146656155586243,1.1059823036193848
0.1,adam,512,0.1,1000,0.6814774870872498,0.7378102540969849
0.1,RMSprop,64,0.01,500,0.6891208291053772,0.7089515924453735
0.1,RMSprop,64,0.01,500,0.685302734375,0.6895803809165955
0.1,RMSprop,64,0.01,500,0.699129581451416,0.7144993543624878
0.1,RMSprop,64,0.01,500,0.6762584447860718,0.7165292501449585
0.1,RMSprop,64,0.01,500,0.6747004389762878,0.6979179382324219
0.1,RMSprop,64,0.01,1000,0.6335073113441467,0.6385238766670227
0.1,RMSprop,64,0.01,1000,0.6507871747016907,0.6631726026535034
0.1,RMSprop,64,0.01,1000,0.7012280821800232,0.8146831393241882
0.1,RMSprop,64,0.01,1000,0.644282877445221,0.6514253616333008
0.1,RMSprop,64,0.01,1000,0.6325996518135071,0.6474083662033081
0.1,RMSprop,64,0.1,500,0.744823157787323,0.8282009959220886
0.1,RMSprop,64,0.1,500,0.7384872436523438,0.8588389158248901
0.1,RMSprop,64,0.1,500,0.7056853771209717,0.7399712204933167
0.1,RMSprop,64,0.1,500,0.7013399004936218,0.7415479421615601
0.1,RMSprop,64,0.1,500,0.7834354639053345,0.9230678677558899
0.1,RMSprop,64,0.1,1000,0.6722908020019531,0.6591602563858032
0.1,RMSprop,64,0.1,1000,0.6492509245872498,0.6580612063407898
0.1,RMSprop,64,0.1,1000,0.6651288270950317,0.6504644155502319
0.1,RMSprop,64,0.1,1000,0.656863272190094,0.6845898032188416
0.1,RMSprop,64,0.1,1000,0.6567927598953247,0.6780812740325928
0.1,RMSprop,512,0.01,500,1.5442180633544922,5.075139999389648
0.1,RMSprop,512,0.01,500,4.0220770835876465,40.689876556396484
0.1,RMSprop,512,0.01,500,2.010868787765503,9.133172035217285
0.1,RMSprop,512,0.01,500,0.7510085105895996,0.91864413022995
0.1,RMSprop,512,0.01,500,0.7356860041618347,0.8469033241271973
0.1,RMSprop,512,0.01,1000,0.9438650608062744,1.5248264074325562
0.1,RMSprop,512,0.01,1000,0.8058952689170837,1.0094951391220093
0.1,RMSprop,512,0.01,1000,0.8045470714569092,1.0475267171859741
0.1,RMSprop,512,0.01,1000,0.8147251605987549,1.2698391675949097
0.1,RMSprop,512,0.01,1000,0.7283297181129456,0.8626915812492371
0.1,RMSprop,512,0.1,500,1.9020566940307617,8.358175277709961
0.1,RMSprop,512,0.1,500,3.469085454940796,29.853561401367188
0.1,RMSprop,512,0.1,500,1.7570451498031616,6.954153060913086
0.1,RMSprop,512,0.1,500,1.1978096961975098,2.8070452213287354
0.1,RMSprop,512,0.1,500,1.4217678308486938,4.244687557220459
0.1,RMSprop,512,0.1,1000,0.7532810568809509,0.9067134857177734
0.1,RMSprop,512,0.1,1000,0.7989448308944702,1.0287609100341797
0.1,RMSprop,512,0.1,1000,0.8556305766105652,1.2243356704711914
0.1,RMSprop,512,0.1,1000,0.7919860482215881,1.0337973833084106
0.1,RMSprop,512,0.1,1000,0.8529160618782043,1.138603925704956
