kernel_n_factor,kernel_n_epoch,kernel_lr,kernel_reg,update_epoch,update_lr,mae
225,193,0.0018006125334054,0.000915494884431,117,0.0324731698481691,0.8212658200662571
31,139,0.0303265046988591,0.0773460867528372,18,0.0003163082491989,0.7861632569766922
450,87,0.0011592778248002,0.0019362415567991,67,0.0821071866278509,0.8050093533654314
66,47,0.0004077973720688,0.000649589235244,39,0.0005780389837791,0.7521192036161176
284,95,0.0280668065950673,0.0152786058377829,104,0.0031221011567398,0.7995100685727777
286,12,0.0019295846099021,0.0038541291816969,20,0.0001803903965209,0.7664546998236648
432,195,0.0005752399417398,0.0576186837956272,22,0.0002798599219091,0.7746428653708529
21,91,0.0001072818146292,0.000267003994881,114,0.0165282543977656,0.8770138149744736
23,157,0.0482454061633076,0.0064316432719403,166,0.0005656218469609,0.8066182169684631
325,109,0.000805124822197,0.0060485777658996,111,0.0001161575159724,0.7661425365537766
148,26,0.0100154409263582,0.0001916931742627,62,0.0013098936537907,0.7828350286452341
364,54,0.0002390922741257,0.0007808508683397,162,0.0001007395068116,0.7625219057517079
377,49,0.0001937924628335,0.0006646444612874,200,0.0007507388870933,0.7826092142286439
163,52,0.0003497888917272,0.0001083578722853,162,0.0001241825684742,0.7530720666490458
139,57,0.0003733764309209,0.000102463708872,64,0.0012420784964768,0.7633150952662832
117,35,0.0054784052223962,0.0001046013052494,155,0.0002896310604239,0.7763625106557028
202,69,0.0005006198314793,0.0003291857612135,187,0.000103431881303,0.7537430880683413
90,130,0.000143895437103,0.0003044967297417,86,0.0005146741110951,0.7485030835651824
67,121,0.0001174017767832,0.000382521435313,49,0.0035589923772188,0.7762712707703593
94,162,0.0002243335525376,0.0013443837887608,88,0.0005685057489751,0.7566678683295864
72,130,0.0009028184135942,0.0005001088993415,47,0.0021961718792011,0.7789045746828074
182,74,0.0003123297287454,0.0002067818361836,144,0.0002237987401274,0.750379477409992
190,83,0.0001050596814711,0.0002053927091597,136,0.000359545477644,0.7554055962372572
95,67,0.0003102307757683,0.0004450011075385,89,0.0002110377801313,0.7487539063759702
244,72,0.0002089506567939,0.0003773397879455,89,0.0001859865444669,0.7556230234246761
115,105,0.0006614851566479,0.0002017807516415,137,0.0002147547004576,0.7608301017653778
196,148,0.0001857423040757,0.0012262782100878,78,0.0003877096496489,0.7540858038714626
163,112,0.0003081427509839,0.0004970630225641,129,0.0002026042041088,0.7553671878261485
95,179,0.0001545200633555,0.0001631377090146,95,0.0009980872262135,0.7617480755591958
215,70,0.0013939381158196,0.001093835918976,128,0.0004718323644686,0.7683408939916021
248,125,0.000525956805406,0.0002642509853853,101,0.0001591558226964,0.7656339563547634
56,41,0.0003969712002882,0.0006256380609093,81,0.0006101525895054,0.7519766065719412
38,33,0.0002774983187435,0.0004990554517362,78,0.0003119940694738,0.7490612761639498
117,79,0.000280009755699,0.0003732707145171,77,0.000271757299735,0.7531354036027434
44,16,0.0001522507145128,0.0008656803057227,120,0.0003802951463314,0.7482969290389184
43,10,0.0001436921783171,0.0016896996407347,117,0.0004144083616345,0.7495691917920025
12,27,0.0001529145647651,0.0009435503580123,72,0.0003818460785737,0.7476094116734205
87,23,0.0001443795146045,0.0009036633619651,60,0.0004083959321088,0.7490896995511842
30,20,0.0001020928691232,0.0016603590383477,102,0.0008274796170489,0.7557453063852917
10,96,0.0001627664054273,0.0009772839144592,10,0.0001758612292521,0.7465396384754364
20,99,0.0001591962338732,0.0025419901508646,40,0.0003050379807022,0.7491793584675764
497,134,0.000198808123587,0.0009745590079017,11,0.000155626400636,0.767055768383572
57,16,0.0001378662666482,0.0007934830531329,110,0.0001512717949947,0.7467386435833154
14,15,0.0001542783241446,0.0007660320164837,24,0.0001426059246247,0.7461636905834688
14,20,0.0004889769257737,0.0007589945908375,28,0.0001402112290297,0.7459370376001111
11,30,0.000540527452764,0.0023452711707328,35,0.0001411390637862,0.7472777426728201
14,35,0.0008127914288466,0.0023436973633923,26,0.0001554498147219,0.7482396746298106
54,12,0.0004902825378346,0.0032272070167463,27,0.0001203886573165,0.747266681354923
58,44,0.0020802204417989,0.0043042886271246,11,0.0001187031059853,0.7584299312673338
283,13,0.0005083200385022,0.0006716562423952,23,0.0001008306418641,0.7505662179663188
68,21,0.0004152451675539,0.001372676635224,31,0.0001356070118632,0.7474514581609442
44,30,0.0006506229518113,0.0032250568346867,33,0.0001411164293271,0.7452773088932446
44,61,0.0011484011798343,0.0033629320383113,17,0.000239085630928,0.7550096905780095
35,10,0.0002446370210367,0.0020199947235195,48,0.0001603818182266,0.7436452882333653
29,41,0.0002620437205337,0.0018834466342418,52,0.000170593258471,0.7479510910095536
79,22,0.0002473581215585,0.0006838189182684,41,0.000238678056503,0.747493034311983
130,34,0.000211257255392,0.0014553324672686,18,0.0001746410061723,0.7503366014551863
35,18,0.0003644870633905,0.0011657613926402,31,0.0001227226475419,0.7469915770699005
109,48,0.0001014401876631,0.0017795026710544,58,0.0002591033579336,0.747266320388076
67,27,0.000648020054548,0.0007676321910042,46,0.0001914157396549,0.7491861448482834
353,58,0.0001237968507911,0.0011933632838112,10,0.0001052171911841,0.7568184558722725
32,14,0.0003745673312396,0.0011715874133948,32,0.0001331329738347,0.7450735416313957
26,11,0.0001848705914343,0.0005965968271636,35,0.0001396639304816,0.7440183418223841
10,10,0.0001926344916497,0.0005402133580949,38,0.0001347614583931,0.7460274358451322
28,10,0.0002201868639767,0.0005364484120611,53,0.0001317289652403,0.7434813410453451
32,11,0.000236435886548,0.000519929358281,56,0.0002188075169055,0.7450088865315561
78,37,0.0003470072602968,0.0005610043687109,56,0.0001017433026287,0.7518662996303064
35,26,0.0002535674509638,0.000467665066275,44,0.0002093296783206,0.7474698613544554
411,20,0.0003798666446982,0.0004041773678306,68,0.000296647659091,0.768746338467942
51,10,0.0004440594051645,0.0005559292205786,51,0.0002463715390669,0.7469894507571654
101,28,0.0006433050832978,0.0003085880026424,34,0.0001963858485902,0.7517698042876007
26,10,0.0002125724231135,0.0005605819669459,36,0.0001315566626515,0.746843231589964
27,17,0.0003053910016659,0.0004327746947605,53,0.0001246062936041,0.7486322552571214
46,24,0.0001914509310481,0.0006287578888804,44,0.0001009217618176,0.7469689807787547
79,10,0.0002451874331993,0.0013445423337976,64,0.0001754288958698,0.7463849757435885
63,30,0.0003231737217696,0.0011369658981135,30,0.0002226918869552,0.7500016085434443
27,17,0.0001813259154714,0.0002564296784173,39,0.0001406800340265,0.7440557517038178
36,39,0.0004524168304283,0.0002513955833586,18,0.0002873723091722,0.7470077855724058
28,20,0.0002776731275942,0.0003888234832611,47,0.0003277151296107,0.7455608852423924
80,31,0.0001757757727609,0.0003368893581164,69,0.0003250928819624,0.7487225025074105
130,16,0.0002815246186747,0.000382956850289,49,0.0001968059909027,0.7585405490200378
24,22,0.0003548218103826,0.0002486723717852,40,0.0001580802293359,0.7482006429084757
45,17,0.0002306968500243,0.0004438280889485,56,0.0001488907421555,0.7466684638782614
25,25,0.000116168137926,0.0003280105623642,44,0.0002315622397359,0.7479638647301948
53,189,0.0002973989925354,0.0008487696858739,62,0.0001261079851491,0.7542266148573691
63,15,0.0003971195847256,0.0006983248882898,28,0.0001750663260526,0.7471683443688858
38,44,0.0001827836242644,0.0009983391535365,33,0.00011457821633,0.7474308556662981
70,20,0.0001262647106484,0.0001519022106899,22,0.0003496956958355,0.7472670354406067
21,33,0.0002161241487738,0.0002750757659097,48,0.0002653453323465,0.7485090734867951
48,25,0.0002611145260248,0.0015031870443377,40,0.0004569691468372,0.7460540770982169
87,14,0.0005830561676946,0.0004581044933548,74,0.0001378519688527,0.7483594119610305
10,10,0.0001775070508751,0.0005282763835763,36,0.000146422804017,0.7466109027834772
20,20,0.0002155043045274,0.0005856312085747,37,0.0001967788988996,0.7469444868647633
40,14,0.0003277493236031,0.0007845838538424,27,0.0001145554636114,0.746713737846962
10,28,0.0001296548678714,0.0007126892107423,42,0.0001637229687704,0.7463503252439992
26,23,0.0004534772423378,0.0010121676701552,15,0.0001452328903558,0.7452177848548265
55,36,0.0004671693817339,0.0010555362609501,17,0.0002220597175417,0.7476009363140234
31,23,0.0007885528348648,0.0020321120992777,177,0.0001686701299836,0.74818544232519
31,18,0.0003498939266884,0.0009015302213801,15,0.000114317942553,0.7445419266028881
104,52,0.0004061390536769,0.0009045747099323,21,0.0001146334181046,0.7502497413210827
228,30,0.0002752295461641,0.0015289392027793,15,0.0002733917063413,0.7586615897542393
32,18,0.0005632458159021,0.0006393633713143,24,0.0001404202642955,0.7452743836526426
36,14,0.0003493240902883,0.0006431132429259,24,0.0001009130492046,0.7456135037186823
61,18,0.0002407688870614,0.0003630743919705,30,0.0001934491451184,0.7482021076702182
22,14,0.0005463343028374,0.0012598449142321,53,0.0001529166961459,0.7464727062249895
51,24,0.0004078512735145,0.0008314865737066,15,0.0001401226897185,0.7427451511419932
73,24,0.0004185691518112,0.0009150572219958,20,0.0001328250191011,0.7457849290419887
45,115,0.0005792736946285,0.0010279199143619,14,0.0001140072950274,0.7513558929421826
90,166,0.0001673655273011,0.0008364051187712,13,0.0001852672782656,0.7470717835880942
50,32,0.0003208553935655,0.0006328918548576,23,0.0001317921885047,0.7480060792524212
61,43,0.0007131146246275,0.0011114995771154,32,0.0001583148077194,0.7501121796188709
29,19,0.0002896426888481,0.000469501064278,27,0.0002114226603404,0.7450139774031423
35,18,0.0004737580953918,0.0004929463147531,26,0.0002123339514174,0.7472502493543852
17,27,0.0003874750878636,0.0007405925412854,19,0.0001157390037945,0.7454084849959234
32,88,0.0003078019231781,0.0005163512161318,16,0.0002415837206121,0.7465767285046341
42,13,0.0002442031695937,0.0012852745224576,34,0.000172867949953,0.7465339154625739
56,22,0.0001971694676999,0.0006021615540713,10,0.0001407126237469,0.7437425610190728
55,23,0.0001964193381628,0.0005771560310129,13,0.0001425154468492,0.7466975584540176
72,38,0.0001453383163382,0.0004361884653955,21,0.0002090431240734,0.7456303940742095
21,10,0.0002213427631088,0.0008271455348963,25,0.0001225095002024,0.7452351118818971
161,10,0.0002148910875244,0.0008403538121085,11,0.0001023821694498,0.7503006526578404
21,17,0.0001760279794213,0.0006552561318096,25,0.0001246676903486,0.7474121436754677
28,19,0.0002305048100665,0.0009645118182323,29,0.0001716700026121,0.7462539523332933
19,14,0.0001663640001252,0.0007223376678115,20,0.0001519894549499,0.7466098067172992
35,23,0.0003061652660236,0.0004650746751209,17,0.0001149696170052,0.7447839655001788
49,23,0.0002729763571598,0.0004246568776815,17,0.0001158044159119,0.7454410801232717
39,10,0.0003347939709368,0.0004776379252697,10,0.0001250723334146,0.7501690636026764
64,28,0.0001992598935736,0.0003484964586958,39,0.0001007752088124,0.7468271803821227
283,144,0.0001503130416254,0.0005591942472785,13,0.0001821165499338,0.7543426753624176
55,13,0.0002869823768713,0.0011453526968466,96,0.0002380213226889,0.7474779401643072
10,22,0.0003646834613692,0.000303775346509,200,0.0001602901259934,0.7479562379127683
29,17,0.0002354830958319,0.0006136621245919,25,0.0001365063912137,0.7445071227028796
24,17,0.000228696606516,0.0007990426063182,29,0.0001304193834049,0.746716268781604
320,25,0.0002591958222528,0.0006178129107986,19,0.000113654170319,0.7592923827999735
39,13,0.0001338842221718,0.0004998264048868,15,0.0001952581536371,0.7461524294950418
28,34,0.0001986237374341,0.0007518737963734,35,0.0001514974382385,0.7483129031168011
47,21,0.0001659793286345,0.0008775162227591,25,0.000100097692401,0.745958501570941
21,15,0.0001108907174003,0.0004062549374256,152,0.000133952743338,0.7473059747989739
269,10,0.0002454336835192,0.0005479215526203,30,0.0001780490708327,0.7498299375375537
480,27,0.0003020183555039,0.00101259426404,44,0.0002137958048319,0.7691291675291462
34,19,0.000445521094357,0.0006666908267452,37,0.000116430601558,0.7467818513042545
35,17,0.0003652292629468,0.0006612350837832,24,0.0001395007633696,0.7472725072773387
17,21,0.0002965917397958,0.0005951936955726,20,0.0001526353723959,0.7446129458805751
17,22,0.0002197503505079,0.0005067866611079,16,0.0001604637248725,0.7441806527297963
11,31,0.0002861930074837,0.0003830999443201,17,0.0001622232609293,0.7472965105272021
46,22,0.0001869293094872,0.0004964481744875,21,0.0001973771709847,0.7459870335626488
58,25,0.0003295714572468,0.0004450540606254,10,0.0002698122169428,0.7465670471270011
30,30,0.0002551472408791,0.0005793430826369,15,0.0001454914680247,0.7442413663029376
18,28,0.000242062291443,0.0005819386331341,58,0.0001700693251902,0.7462986358795674
41,15,0.0002040110183645,0.0003529447718331,49,0.0002331796918389,0.7469255612326025
30,34,0.0001372149936299,0.0002860457901864,14,0.0003218644230256,0.7475021002777377
27,20,0.0004114224630625,0.0005759188323813,17,0.0001510953877539,0.7474997257005256
51,23,0.000265056420097,0.0004555433940267,21,0.0001354020464094,0.7467087890962963
17,15,0.000303926703058,0.0007200668522123,14,0.0016131646526039,0.7479255011219818
38,19,0.000356127213954,0.0005001292340581,28,0.0001829404013117,0.7460412327857929
65,29,0.0001766206745591,0.0004055435875412,32,0.0001127524287778,0.754063803882093
10,13,0.0002229191123069,0.0002301301017311,20,0.0001503459488929,0.746000040448749
29,25,0.0002713752475653,0.0013542973349892,14,0.0001254687293554,0.7496112904086621
45,18,0.0004707627830758,0.0003348968126454,41,0.0049430412616274,0.784173953664397
81,38,0.0001546827438685,0.000909428457047,23,0.0002151041802383,0.7474892557121217
21,22,0.0003329021088606,0.0015750979799555,10,0.0001598728934304,0.7441023101175184
20,22,0.0003214865849731,0.0015594100237892,11,0.0001625381575959,0.7454364285405681
32,13,0.0003929027822295,0.0017767449098886,10,0.0001408996498883,0.7443650517624626
36,13,0.0003955540863737,0.0016840708757166,10,0.0001280760466428,0.7455761046373985
51,18,0.0002458843737165,0.002171423974144,17,0.0001134606013444,0.7465453285478704
30,10,0.000201294204209,0.0018889866974385,18,0.000182036009281,0.7455484481173663
41,16,0.0002904170275424,0.0025474387444387,10,0.0001453202928212,0.7465988987550022
10,76,0.0003482469302231,0.0006077344683539,27,0.000199584303075,0.7473252451829367
21,31,0.0002238214453459,0.0013083126825222,16,0.0002575357183161,0.7448386925013726
19,30,0.0002264157820238,0.0015068390981585,14,0.0002365029007555,0.746326139206162
59,27,0.0001831788747663,0.0005200388861291,20,0.0002803735648502,0.7490863909139782
27,20,0.0002611282533916,0.0013221496522462,54,0.0001629780530231,0.7471313525168514
37,13,0.0003080395092382,0.001702275612166,23,0.0001424190221975,0.745690200363395
19,17,0.0002160263622639,0.0019409078264807,17,0.0001091132703347,0.7450139146545559
19,23,0.0002175135173953,0.0020825753146844,16,0.0001021316349556,0.7449876551043877
18,24,0.000160365881707,0.0020509204454044,10,0.000102231917594,0.7456672362900576
20,31,0.0002090133544059,0.0023143852624991,17,0.0001137200921557,0.7462444975147725
10,16,0.0001798153862046,0.0017965185413244,14,0.0001001165490675,0.7475399517937708
406,64,0.000118597216319,0.0029156115311151,18,0.0001177089132251,0.7653388655453521
46,25,0.000231602460344,0.002021196506581,14,0.0001307927926695,0.7463686922915975
25,10,0.0010089441114502,0.0026094787834072,21,0.0001704918520753,0.7469527825008598
33,20,0.0002636975161508,0.0018382581761898,10,0.0005158645860986,0.7482918891063508
26,21,0.0002062662070711,0.0015270909608781,26,0.00012658967991,0.7477734755401576
41,16,0.0002328737034604,0.0007115669844695,18,0.0001524428581196,0.7450134839437565
42,16,0.0001471240962587,0.0007322076614922,16,0.0001516791296575,0.7473291907700449
51,26,0.0002388965633646,0.0012228385992893,20,0.000138057895702,0.7459405325680614
20,13,0.0016093609938297,0.0005735540700191,14,0.000115916896975,0.747355650655058
37,17,0.0001782673628241,0.0008094847548523,23,0.0001876231437135,0.7465804720592002
57,34,0.000204329342949,0.0006739845607658,18,0.0006007300250845,0.7478076435138086
177,22,0.0002547873197411,0.0010717914684141,13,0.0001552160834113,0.755345427695104
10,10,0.0001611466635589,0.0021529160092814,10,0.0001008680959723,0.7463947250058938
31,19,0.0026843202706345,0.0004642313590091,27,0.0002057438615509,0.7512362949423415
25,15,0.0002883535782159,0.0005315670272238,18,0.0001753246709676,0.7448618310734447
19,14,0.0003261834116,0.0006101290248444,17,0.0001716201305006,0.7463501920099977
42,16,0.0002835871680821,0.0005377222638764,22,0.0001298304689894,0.7443993016298274
42,27,0.0002899621197092,0.0006885123042806,22,0.000134186674709,0.7443296240324643
49,27,0.0002887031234752,0.0005330783285839,22,0.0001311534284063,0.7490637207379193
34,23,0.0004056046027019,0.0006167416657198,194,0.000131585480624,0.7452386413680243
43,199,0.0003546129767288,0.0004313749456317,47,0.0001833294975044,0.7544215386741592
65,30,0.0002803554310477,0.0005451389313301,125,0.0008120926291293,0.7615157168130079
27,22,0.0003121535552195,0.0003946594921633,21,0.0001582736740148,0.7461426484662875
36,13,0.0002374593743559,0.0007187770094829,14,0.0001432756715095,0.7470201815124236
47,104,0.0002592598479765,0.0008108538158554,23,0.0001208573186323,0.7496162367458407
42,16,0.0001939589768096,0.0006525773485697,19,0.000158773545454,0.7462670220298037
27,10,0.0002339589013779,0.0005126556915954,84,0.0001453546447501,0.7473772644159765
55,26,0.000345240573412,0.0007071885418826,63,0.0003927423688112,0.7447739673170642
71,26,0.0003878069110722,0.0009102425560636,55,0.0002561173402663,0.7462677802063997
55,33,0.0003275596104302,0.0005717415607371,60,0.0003391876314194,0.7451167234118884
24,21,0.006235848054959,0.000475461224942,66,0.0001874002692034,0.7656353312091322
10,29,0.0004963074972228,0.0007641998617839,51,0.0010058708983827,0.7500653944428275
33,25,0.0002839158662472,0.000657421223388,13,0.000410541181806,0.7463457172389759
41,18,0.0002209183168777,0.0001675161869867,17,0.0001255213968648,0.7478988240710633
56,14,0.0003535981905443,0.0007498488655039,10,0.0001659332197932,0.7433337959485045
56,14,0.0003544352919943,0.0008155392697129,13,0.0002251508675572,0.7462416647497276
19,20,0.0004263553671913,0.0006037723756294,10,0.0007058470767943,0.7460013334463818
51,13,0.000310881352925,0.0005108878874488,10,0.0001704712620528,0.7501090596133586
69,23,0.0003694137847939,0.0009588225677276,59,0.0001339978163747,0.7426610817582101
65,24,0.0003874379743939,0.0009608515209935,62,0.0001333980218549,0.7469267582767156
70,36,0.000437715301321,0.0010807742264194,15,0.0001095977689182,0.7491229790370281
60,29,0.0003474819403131,0.0008669231083494,24,0.0001218424022036,0.7444851401143369
73,31,0.0003344090657607,0.0009224258459305,30,0.0001452520117518,0.7461574389870371
55,26,0.00049774137891,0.0013771155136708,24,0.00012063428488,0.7471027068723158
33,20,0.0003672651881665,0.0007392935652772,20,0.0001266290380154,0.7479993458896141
61,28,0.0002818951960911,0.0012071772477702,15,0.0001604824012727,0.7488856444169691
85,40,0.0005583230978819,0.0008327003822352,25,0.0001133985029762,0.7457199277710397
49,23,0.000307602559924,0.0006551549526921,44,0.0001412416803833,0.746652678855609
41,18,0.0004329020148907,0.0009649898631106,21,0.0001001992853421,0.7458669348357885
26,31,0.0285242972578045,0.021601755047469,13,0.0001788600405131,0.8058251516200057
17,21,0.0002613388078763,0.001650487647815,34,0.0004463383369358,0.7461098894091817
34,27,0.0003624460259257,0.0002351058592395,16,0.0001350414732732,0.7437812311038369
37,36,0.0003726406118009,0.0002142115978816,10,0.0001670542470299,0.7452046411558458
29,28,0.0003338157307394,0.0006754951899292,16,0.0001382487543991,0.7462716720289866
215,25,0.0013565462471275,0.0001990685882144,19,0.0001200600758107,0.7553671989976388
48,16,0.0002822408744959,0.0002634514189902,16,0.0001384322136252,0.7465068375786216
22,22,0.000380744196277,0.000322857831686,23,0.0001131009805765,0.7477986023316328
37,18,0.0001899447818607,0.0002794996686578,108,0.0001536455914748,0.7500875611857538
29,28,0.0003212468920343,0.00024607443704,13,0.0001887612181159,0.7462350036432949
18,13,0.0002639537474522,0.000749822846666,50,0.0001253182691148,0.7454661372294349
299,24,0.0004541896308028,0.0001836983965413,28,0.0001450928231327,0.755579538458631
43,32,0.0002174349784923,0.0006051545353802,19,0.0001685420039492,0.7457715380273956
60,10,0.0003490273422112,0.0008759477328027,71,0.0002886544999451,0.7474431580555693
32,15,0.0002479523542572,0.0005537405986831,55,0.0002089228813703,0.7461734609347456
27,19,0.0137530599523813,0.0004288940073642,58,0.0276630719305004,0.8871262170730083
45,12,0.0007097046492578,0.0001330258928527,13,0.0001289092341868,0.7440905914736534
52,16,0.000417647928763,0.0001248323273351,13,0.0001289289356733,0.7478290963167188
43,21,0.0003010699340954,0.0001397643976736,10,0.0001132000247358,0.7464169966243782
18,10,0.0006400556880098,0.0001217732518063,17,0.0001486913633927,0.7466018304298205
38,25,0.0003760935476123,0.0001474274775517,21,0.0003648921663925,0.7434500494073346
60,14,0.0009670606620804,0.0001004514381408,21,0.0003089127260268,0.7480693923592715
48,27,0.0008426776694174,0.0001575591459443,25,0.0004050768027321,0.7498094146893564
36,83,0.0004007398287996,0.0001410851342889,14,0.0003736472772072,0.7463612495147428
42,18,0.0004753100437586,0.0002231903988988,20,0.0022321201163915,0.747943249832216
73,14,0.0007335903765151,0.0001708115307106,10,0.0001627182779383,0.7489178499942479
54,25,0.0003413159991812,0.0001132691523661,18,0.000556211786305,0.7487160799133776
34,21,0.0004933369984348,0.0002073236462917,24,0.0003436171441495,0.7467955126314468
10,32,0.0003672060141221,0.0001768589841125,38,0.0005025088137518,0.7462846554193031
27,13,0.086482307142435,0.0003870023752097,31,0.0002557076743691,0.8043178198972036
63,18,0.0002988818460377,0.0001299485045944,14,0.0001906949719804,0.7445923682547818
66,20,0.0003147378951592,0.0001335746372171,15,0.0001329267298216,0.7464188757268237
76,28,0.0006092662996307,0.0001453057286994,13,0.000203383725917,0.7504033740147319
60,24,0.0005432179309684,0.0011660099341554,22,0.0001515434828049,0.7448892678090593
49,122,0.0004127777395736,0.0001304827426165,10,0.0001292999115535,0.7523063113152902
41,18,0.0002767042365411,0.0001143519996626,16,0.0001864649236947,0.747082508233391
54,10,0.0003552672359946,0.0001526409732108,27,0.0001446642050244,0.7469588371257964
66,24,0.0002467347570113,0.0001705905650535,46,0.0001206202117298,0.7536338589882172
36,29,0.0003165024763693,0.0007967450633424,138,0.0047063754669975,0.8424854507389695
350,18,0.0001732244132043,0.0006827382638799,13,0.0001656341598597,0.756742722395053
42,163,0.0003981666473961,0.0001958548397048,20,0.00023315524195,0.7526113170313644
87,21,0.000197350096654,0.0001248228990156,16,0.0987871631333548,0.8493628010896691
49,35,0.000265005643304,0.0001107037559033,62,0.000470496908794,0.7495107553372445
31,133,0.0002965208643096,0.0002761577698541,175,0.0001373775888362,0.7495138078926449
57,16,0.0007229239731566,0.000226985512495,10,0.0001120082068299,0.7479156208126668
24,26,0.0005333672879558,0.0014502096237579,23,0.0001907125481396,0.7499487667727257
43,31,0.0021770308472154,0.0010337757666721,19,0.000157390634851,0.7553264880193049
79,13,0.0003484222481803,0.0003073289434625,42,0.0001304139607675,0.7463580634866451
19,20,0.0004432762753487,0.0001538312050097,14,0.0003684851613741,0.7471319299989941
34,10,0.0002343712266299,0.0004760597087118,28,0.0002868404873439,0.7454233515240932
64,23,0.0001959332083199,0.0003583294761137,17,0.0001745361337359,0.747074649264882
49,17,0.0001435548662397,0.0001018404068729,32,0.0001171737521357,0.7443783323301292
50,16,0.0001366658438992,0.0001072751322383,32,0.0001008019227877,0.744018377691448
69,16,0.0003901602621704,0.0001009112981346,37,0.0001193954290763,0.7455601925853562
54,13,0.0001297116615219,0.0001141153216825,37,0.0001090038542899,0.7471588355996951
49,18,0.0001653590208579,0.0001530421893455,30,0.00070720320035,0.7431920127952487
46,17,0.0001473027100386,0.0001007823248834,33,0.0011084845104943,0.7469791217771115
61,13,0.0001758145345558,0.0001312478152373,34,0.0007682971074938,0.7468575735123595
47,178,0.0001202133757834,0.000143859566646,32,0.0001400688487721,0.7513020651475931
38,10,0.0001038941388592,0.000113427211698,30,0.000100163588379,0.7469654911572393
50,17,0.0001460181889733,0.0001327830619149,29,0.0013528288616927,0.7510800091868888
74,18,0.0001352465323705,0.0001945707636394,26,0.0001248363067539,0.7457335363963263
99,14,0.0001599802434056,0.0001625773071939,35,0.0009355554072666,0.7527775144446407
30,20,0.000166672884786,0.000120186155034,39,0.0001568490368357,0.7456219403267509
41,15,0.0001209261088513,0.0002432147283259,30,0.0007091797861255,0.7461272525143775
65,10,0.0001545542471636,0.0001022569478843,24,0.0001405467220039,0.7464191432706935
54,21,0.0001820135223831,0.0001460228514052,27,0.0001167084366605,0.7440957091589057
58,21,0.000132823699908,0.0001539935000576,33,0.0001018838823848,0.7489654076198404
52,17,0.000188940462884,0.0001754796343187,40,0.0001130200725082,0.7469142950335201
69,13,0.0001852853561291,0.0001293067816794,27,0.0001257093268097,0.7482323472115963
45,23,0.0009445848798677,0.0001897827389582,31,0.0006080026078158,0.7471991098035462
82,19,0.0001620688604271,0.0001429295323639,26,0.000673097798908,0.7444640892048411
37,21,0.0001454064215484,0.0001520190452663,26,0.000114046794686,0.7464844592956975
134,150,0.000164329614437,0.0029101280400076,34,0.0012914217915028,0.7527680758642435
150,15,0.0012829274859389,0.0008898890826824,29,0.0008146600599613,0.7561703634110793
82,10,0.0034623832480566,0.000176875011278,24,0.0006801720194365,0.7545998584619303
57,25,0.0010603197214843,0.0001142484221675,36,0.000501196077768,0.7515702097368987
47,18,0.0001136180068783,0.0010274252354599,27,0.0006170636935567,0.7463334538369945
29,22,0.0002067018028692,0.0043101672355517,31,0.0006744157663218,0.7459868562173017
37,27,0.0001673668050342,0.0016109590851047,21,0.0001271534103636,0.7435878601552147
449,27,0.0001713309477225,0.0018664637766533,24,0.0005359640567863,0.7702998628694392
41,28,0.0001441886961493,0.0015687448830724,41,0.0008895217659046,0.7464589478100939
74,13,0.0001682151274333,0.0001370760892922,22,0.0001468855995625,0.7450286511034894
54,34,0.0002002577526313,0.0024954199681606,28,0.0011280917793999,0.7487940912742229
36,24,0.0001012697199903,0.0002248740963699,96,0.0004272389743814,0.7497065489599717
92,20,0.0008192770688259,0.0018042245966487,21,0.0001001294989815,0.744945059245792
50,29,0.0001436152880061,0.0013621378572333,46,0.0004583223380909,0.7474359702038014
62,47,0.0001272647674103,0.0001490396954133,50,0.0001335396145164,0.7437851242420263
114,39,0.0001307080693709,0.0001540806521868,52,0.0015846863778481,0.7581474310155036
77,92,0.0001165696867664,0.0001902957835254,38,0.0001271575146518,0.7501846550395811
59,45,0.0001571560839416,0.0001191394250269,50,0.0001627948865083,0.7457805448137872
64,32,0.0001315089119863,0.0001308109989485,47,0.000132082228301,0.7494023659406719
237,25,0.0001823374250929,0.000160534485383,44,0.0002156090525226,0.7557946559007777
72,14,0.0006115250573094,0.000289627657924,57,0.000318521936275,0.7440196763813647
82,55,0.0005347864046453,0.0002524762002181,54,0.0003508634847789,0.749101683118312
72,10,0.0005788677059698,0.0002808552021664,55,0.0003206160750742,0.7464947672532103
90,13,0.0001651367109884,0.0003174428961514,59,0.0009038005843556,0.751355139788108
47,48,0.0006805063246539,0.0002115764237355,56,0.0006031772830349,0.7497530636062069
69,16,0.0011995621121108,0.0003592637718186,42,0.0002688196032998,0.751862999454411
38,15,0.0001288344769768,0.0022274909990428,10,0.0004248240275521,0.7465502872084467
55,19,0.0002012479665958,0.0016486072248337,50,0.0113957444992273,0.8360404871087088
262,22,0.0008693652958505,0.0001418615808873,34,0.0002351860700099,0.753590262040229
47,10,0.0011144494788111,0.0001758709965663,47,0.0001736050277521,0.7476332790039949
26,14,0.0005916169030235,0.0002398488368612,10,0.0003021632097511,0.7458585596563202
35,67,0.0001470804783921,0.0001181521659844,66,0.0001506190752794,0.7478096739952822
63,19,0.0007034375091982,0.0712439958859716,19,0.0001947090930689,0.7493001081592242
16,23,0.0004881605749724,0.0001014275827809,51,0.000482155582817,0.7477754075271787
44,14,0.0001128132039092,0.0002030565950892,117,0.0007955453075808,0.7567693265064256
29,18,0.0002251069436602,0.0004241060897611,13,0.0005338580872822,0.7459393781926819
55,10,0.0001796935764675,0.000280496047948,20,0.0001375480011793,0.7479198618649926
24,26,0.0019321179281023,0.0001458844897617,37,0.0003852110664694,0.7494100625040616
72,16,0.0007844322270208,0.0005477294200625,59,0.0010297569950751,0.7541667599270189
10,21,0.0002042532277966,0.0012345601385232,75,0.000163065231515,0.7455738578809429
40,13,0.0001565733726169,0.0014654841522161,31,0.0001204081276459,0.747292100875519
188,23,0.0004827959362648,0.0003262187116486,14,0.0002156135803785,0.7521617023463272
51,17,0.0002415820295498,0.0019375183363561,22,0.0001802986092493,0.7454161266233845
82,116,0.0004432538226389,0.0001699551424031,18,0.0001114755298218,0.7532183391340136
379,20,0.0382018667455127,0.0022626351858227,42,0.0001445276243846,0.7805442329965938
34,60,0.0001303992066332,0.0006847355011909,10,0.0028524343515023,0.7493591094120291
62,28,0.0176877232633262,0.0033566997828935,26,0.0001005785947019,0.7810327760771054
44,13,0.0017730865018446,0.0004692528405134,14,0.000134184434646,0.7467433220926142
25,26,0.0059732750102167,0.0001170487909384,29,0.0001583586319608,0.7661206073218255
34,16,0.0001864316170874,0.0003997648025852,17,0.0007365039693087,0.7435693432577196
33,52,0.0002149113284332,0.0003719629808201,17,0.0001967980295624,0.7467938006340897
24,10,0.000252355517836,0.0005186658431249,13,0.0002476295084226,0.7458024767025627
40,100,0.0009562868001117,0.0004244880223697,18,0.0003567073975368,0.7554912381850313
16,16,0.0001878495861794,0.0005829365551433,10,0.000120227696245,0.7471180906483008
50,14,0.0002661859711028,0.0016388126946576,21,0.0008762287589087,0.7477620578384814
35,23,0.000411601931796,0.0355011435730375,16,0.0577725700777002,0.8527586963421263
22,18,0.0040470800872623,0.0003097079482773,149,0.0001429464140239,0.7541652342882195
44,32,0.0001045094855482,0.0040003616744226,53,0.0001659774370131,0.7460076064415037
32,21,0.0013820626271257,0.0007734243012023,13,0.000120710570414,0.7461517633418382
51,10,0.000224280376377,0.0006281423345175,44,0.0017446743836314,0.7550883939096709
10,15,0.0006488407388021,0.0002662374632788,21,0.0001830733285441,0.7452956896603101
57,41,0.0001770874493409,0.0027198940265031,16,0.0010825919135426,0.7466382861878551
39,26,0.0001488746652981,0.0056747322906678,81,0.0003080607819697,0.7495209236317013
24,13,0.0002026368167404,0.0003859909079824,35,0.0001355343313618,0.7466666370905293
31,36,0.0002676443330061,0.0004856545965435,10,0.0005645078513717,0.7465570129816496
45,18,0.0004937783119017,0.0030567357083657,19,0.0001000184977107,0.7479266917245876
64,23,0.0003980009466948,0.0011498707467823,47,0.0007455178154956,0.7509331169160419
19,28,0.0089732399514725,0.002404894618136,39,0.0004355007938716,0.7789085029037056
55,16,0.0001244264133659,0.0002402008333296,23,0.0001514634751471,0.7431983532667964
57,20,0.0001183992406494,0.0002110433338287,58,0.0002084059443605,0.7447594342614535
65,13,0.0001240900950085,0.0002273983670832,32,0.0001668145451152,0.7453411803180425
53,24,0.0001351942129411,0.000244378757811,14,0.0001528007332372,0.7438934890721399
73,31,0.0001393683797612,0.0002356519973387,14,0.000154579226323,0.7511930524115358
34,24,0.0001031092689625,0.0096382302849895,13,0.0002263336557763,0.7462635248326306
173,29,0.0001725985336703,0.0002608699391501,17,0.0001817240045864,0.7559375422344293
55,34,0.0001134956516742,0.0003005025694573,103,0.0001476591435864,0.7464860345043716
497,25,0.0001554076352137,0.0002014877347255,159,0.0002478044573274,0.7694013827746989
42,21,0.0005481008814246,0.0002453934818599,23,0.0014109138579731,0.7466363360098566
28,10,0.000192974411961,0.0003408568130672,10,0.0012657926714904,0.7481935733787608
67,26,0.0015922593140488,0.002068979375765,17,0.0002020533913339,0.749788251532093
54,17,0.0006400365401803,0.0001833422989135,15,0.0001685560344353,0.7509643301698088
22,21,0.0015138185549169,0.000261493155659,20,0.0002919171378217,0.7492935492285175
10,14,0.0001272288121751,0.0014127551947213,13,0.0006477193249481,0.745248257638705
42,29,0.0004508768364422,0.0002986872470231,50,0.0001431373631938,0.7489969469327742
49,22,0.0020689120047858,0.0001811452249088,92,0.0010120236823528,0.7660208522208686
33,16,0.0002214476016576,0.0010792472693297,24,0.0018364779611966,0.7493468451583988
62,10,0.0012079039212511,0.0017426062093573,18,0.0001283435084855,0.7499808348977959
18,20,0.0003704878465599,0.0007197621450719,10,0.000389648423699,0.7449188473310273
311,24,0.0008541018631686,0.0003601140012452,15,0.0001806008863885,0.761655826023796
38,30,0.0028968672384671,0.0002125199357183,21,0.0001533422790849,0.7563505329054099
51,17,0.0001712658223344,0.0012451655309592,55,0.0001124279542133,0.7447834262485313
215,73,0.0003307149695849,0.0001605023141578,27,0.0004628846623787,0.7595838459961126
28,36,0.0001344922915462,0.0015199164946012,63,0.0001356174341509,0.7459874574759578
74,14,0.0002392853881689,0.0005909560017965,13,0.0005781281262563,0.7479690724741568
97,19,0.0022430978952652,0.0002854702215391,18,0.0002686987406888,0.7555873389311161
59,26,0.0001901573538558,0.0004153484518877,23,0.0002179340493915,0.746588634477963
41,23,0.0001453069877045,0.002544826105977,10,0.0012096303758634,0.7491136158119766
27,13,0.0004385318324536,0.003631506876737,15,0.0003306726016573,0.7448006950059494
50,10,0.0003097975518293,0.0019203062147438,21,0.0001616225722167,0.745099582927537
18,32,0.0001639170709365,0.000844076578064,52,0.0001228743896149,0.747677409783773
36,140,0.0002128671903992,0.0002205769310913,28,0.0007983069165113,0.7493621494599955
68,18,0.0698575776457481,0.0803250064464294,18,0.0001895829628695,0.7857314963261937
46,27,0.0002547069412399,0.0006600898063341,13,0.0020191061940091,0.7482684481367491
58,16,0.0024509557920561,0.0004881622485831,25,0.0001448935603265,0.7517010434315925
123,21,0.0009838933478303,0.0009677703501906,44,0.0022829217142252,0.7684930652984476
28,14,0.0007878487739305,0.0003281051936914,16,0.0001133757142159,0.7487136950042411
39,24,0.0005823655528476,0.0001582233094094,21,0.0014959859511734,0.7498097309944973
17,81,0.0001134758943572,0.0002451081144966,123,0.0001318683712366,0.7480196950830513
49,19,0.0043779423899664,0.0017348322098743,10,0.0001727524640304,0.7577028680015226
79,10,0.0003766974753167,0.0007752676643076,60,0.0045314801485424,0.7950420809194588
32,29,0.0001786789266619,0.0013591354677322,68,0.0001498496114673,0.745791296539922
58,15,0.0028588209504251,0.0004298379088261,14,0.0001106721905856,0.7520774042474206
41,38,0.0002689553027335,0.0001937569628172,47,0.0002426698632089,0.7484427723400193
65,22,0.0011242047764001,0.0001336343496695,19,0.0002017841832879,0.7484031027214786
19,26,0.0001012248775461,0.0006608749660269,40,0.0003671472998524,0.7469919989948892
30,13,0.0007036648546313,0.0021725305519954,30,0.000535455662574,0.7473510594450438
49,19,0.0077763851077199,0.0132436811504663,23,0.0011313214418763,0.7646047184032421
11,33,0.0050031401108563,0.0005867783523681,36,0.0096516042959724,0.8243807974520554
37,17,0.019737935313802,0.0002850008159986,13,0.0028934779711392,0.7897644256689902
25,23,0.000212238875424,0.0005293040813978,18,0.0009078069193696,0.7478833321469902
72,13,0.0005009869223525,0.0027919685167492,26,0.0001297281196826,0.7429378725358448
80,10,0.0005069297866199,0.0001727696910567,27,0.0001269671537782,0.7450668542401955
72,20,0.0001381420025649,0.0028746020149183,33,0.0007345033139025,0.7465228525495641
61,28,0.0001566834030186,0.0030091694494647,25,0.0001627771448418,0.7434710918598564
84,15,0.0001540663171923,0.0002305377297167,29,0.0001704735325416,0.7457547064452922
98,29,0.0001264200892121,0.0029703114070759,25,0.0001545207820722,0.7418536105159675
90,25,0.0001437816294835,0.0031203069611481,27,0.0002128399895132,0.7510728017570596
105,18,0.0001119687263228,0.0025807761075888,112,0.0002876521327323,0.7525153247044624
95,43,0.0001237315926502,0.003644731364734,32,0.0014854443363211,0.7500563132971761
88,13,0.0001253718771095,0.0031630825479947,25,0.0001788514696344,0.7458676459097847
75,29,0.0018656772292736,0.003492343375778,29,0.0001611084472073,0.7524290932741874
68,22,0.0001736777112685,0.0028416736304863,36,0.0004639726273793,0.7463109337831966
67,17,0.0001642723006615,0.0044216127083512,24,0.0001114499568532,0.7431364804517465
75,10,0.0001543623002799,0.0046990770288369,25,0.0001130056784898,0.7477038620773839
66,16,0.0001316948719483,0.0049800701990199,33,0.0001012387481147,0.7476758744282217
84,13,0.0001592303227315,0.0036639984140242,26,0.0001238648279355,0.7470271015205192
65,178,0.0001368992601012,0.0027542687172164,30,0.0001117127923352,0.7489598229531041
62,17,0.0001701649575993,0.0035710408279842,50,0.0006225705010666,0.7466860603968456
72,19,0.0001221115214376,0.004091874848017,39,0.000139151691823,0.7452994435330971
56,14,0.0001861595529071,0.003455925087275,56,0.0003239868137813,0.7478506492021588
78,10,0.0001016817093298,0.004345078951407,25,0.0037124795577808,0.7617247203697703
59,21,0.0001470709361526,0.002564167800524,23,0.0001322746534473,0.7507012151694442
100,35,0.0005478885715693,0.0032632830121987,30,0.0002576477975663,0.7477321075187551
71,26,0.0001887507581763,0.0023104609574165,34,0.0001026679873134,0.7481355941402348
338,17,0.0001578131839204,0.0030247469680488,43,0.0001529528116177,0.7639709317466213
56,13,0.002635415304073,0.0025303301724348,21,0.0001944284219518,0.7506734567895921
62,170,0.0006218883810619,0.0065125668745965,28,0.0004000556061538,0.763018499319186
86,23,0.0001230865248372,0.0020916115681843,24,0.0001242927448285,0.7467576973431311
54,31,0.0004921782352696,0.0001301379282995,37,0.0012792655003684,0.7502726030714805
70,18,0.0004265250973916,0.0001564197921017,48,0.0001497017557138,0.747798887318087
50,14,0.0015267000901037,0.0041112330363766,132,0.0010447236368965,0.768731084757528
61,190,0.0389575940095626,0.0001946732337839,54,0.000100197599227,0.7973706010982121
78,25,0.000135167828504,0.0054317350619233,22,0.0002257129940073,0.7454945049052057
49,20,0.0001852125976105,0.0002708102404089,31,0.0001193148323941,0.7479204491169041
65,16,0.0001540133583212,0.0023259913929517,20,0.0007187084358806,0.7450058134446302
53,22,0.0001161322447699,0.0030269187378368,171,0.0005370362652472,0.7588445995881992
46,28,0.0001989883665576,0.0001173435459222,25,0.0001671835684037,0.747026288546351
78,10,0.0001701106994574,0.00033425702439,59,0.0001345123483266,0.7421739108483436
91,12,0.000164847007144,0.0003827726862872,66,0.0001365541544825,0.7510692327671429
80,110,0.0001411389845737,0.0003315258821756,62,0.0001150845208815,0.7506103247509535
71,10,0.0117754278442638,0.0003173453519608,53,0.0019403796134084,0.7763925473436495
94,127,0.0001859655233038,0.0002411018936398,57,0.0057478401162725,0.8070642384661784
108,13,0.0001644439764503,0.000276082735216,185,0.000136335215173,0.753945471353135
74,10,0.0006703738407488,0.0001339054882049,50,0.0210106971236186,0.844685124835538
81,16,0.0002112842180028,0.0003630441912988,59,0.0008253235423246,0.7527567622922562
60,10,0.0016864012933185,0.0048763465579888,64,0.0003546919926335,0.7478085203535965
143,155,0.0013565247970165,0.0661090347747731,58,0.0001154067721025,0.7714903253778329
470,14,0.0001367685258216,0.0588868925274238,28,0.0004196164077788,0.7637123642668628
66,17,0.0001090898047444,0.0002050482629954,70,0.0001802387003772,0.7489570754648615
58,13,0.0023861591828805,0.0398103088949824,34,0.0001528701958528,0.7529866819367649
401,19,0.0001735501740882,0.0002939281823945,40,0.0015709694148706,0.7668561706700043
89,10,0.0001524780151714,0.0040380964633536,61,0.0001319931933472,0.749829678452039
67,16,0.0005911930274286,0.0001469874402276,54,0.0002796012312648,0.7440124679153158
205,15,0.0009622435882557,0.0001702446061559,49,0.0002818766920835,0.7553044670926728
79,16,0.003647964506582,0.0028173433987044,56,0.0612950663621371,0.8554321270254229
70,10,0.0005741301712822,0.0064982553698838,55,0.0002314806692821,0.7465748860452217
65,88,0.0005785025286125,0.0001099637481237,47,0.0003132849600621,0.754763289732366
77,19,0.0069200177466848,0.0002465167014791,53,0.0003537276088121,0.7651965486540928
46,49,0.0004452480506524,0.0009748005605621,60,0.0002073844153366,0.750134727573733
85,15,0.0007006681016667,0.000355479239518,52,0.0002529716469404,0.7471756894803382
59,13,0.0007765045979432,0.0002084869823444,52,0.0001884918082972,0.7468707359050908
102,19,0.0005030403746745,0.0001445178026847,44,0.0004610910990037,0.7503615735317188
71,23,0.0006344166335271,0.0003032709107289,58,0.000297820832194,0.7498066066699084
51,38,0.0001264151684813,0.0004113571215878,46,0.0021979223655455,0.7589058960847218
63,33,0.0008434378437925,0.0032502927375603,41,0.0001529799433651,0.7476209137071779
53,13,0.0005366243656006,0.0011092356748491,65,0.0012280970948362,0.755992527713295
43,17,0.0050011908073836,0.0008404763702244,20,0.00017957986474,0.7573074772538395
249,62,0.0004477475216952,0.007533679962553,22,0.0009270877846995,0.7527567063208209
70,10,0.0020476929956736,0.0038380941696284,18,0.0001418520721996,0.7497740053359957
84,27,0.0002187821139605,0.000187957172444,36,0.0001608709716994,0.7461567688862064
45,20,0.0194658516435771,0.0022582906348484,56,0.0004875168957025,0.7857023717411141
65,25,0.0001010603537713,0.0044010272030118,30,0.0001315565347894,0.7453742253822567
55,16,0.0003839716485966,0.0002546566696796,62,0.0001097259240287,0.7489193620047421
40,13,0.0001185442687496,0.0052747080591445,25,0.0004016116598335,0.7455080055445207
96,30,0.0001432926079264,0.0001004036149767,18,0.0027316258935399,0.7512029937346107
75,21,0.009772951406258,0.000121600023698,49,0.0006228609809869,0.7738236657653297
54,10,0.0005090958656985,0.0001651200018573,32,0.0001001819132834,0.7413658765868346
61,10,0.0004668331217709,0.000164059967639,34,0.0035328198391707,0.7659430940265275
78,17,0.0003947453124822,0.0001832613076133,44,0.0001014284431041,0.7471236199093811
55,24,0.0037142300239719,0.0002213283621189,37,0.0002558680873621,0.7571450173668312
293,14,0.0005063318907545,0.0028243489093614,31,0.0003395133937648,0.7518525449477568
69,19,0.0002012057346744,0.0001542548718381,39,0.0001185742093291,0.7486646933091604
89,10,0.0001584229058865,0.0002268093258576,32,0.000974131943151,0.7496410335158771
48,28,0.0002340011523311,0.0003315486007096,28,0.0001003984685006,0.7456998614979571
61,16,0.0001321882942836,0.0033001085598664,24,0.0001961249319112,0.7468688994293182
42,23,0.0003352361277974,0.0025811123904813,34,0.00014769416758,0.743330582470888
54,33,0.0003483203758642,0.0024714214851933,27,0.000227570980076,0.7459237322960807
40,25,0.0004119497680832,0.0027886162322942,31,0.0078191398009764,0.7929536915971163
68,22,0.0636526108372559,0.0023698106289942,22,0.0294370613703261,0.8593965582164219
50,28,0.0003312893515042,0.0019251799414522,79,0.0015564004630239,0.7680339510095768
60,31,0.0003646496582914,0.0009052569747825,27,0.0018563680103723,0.7514545169462146
79,40,0.0024383925204964,0.002151515466364,67,0.0144794948938352,0.8400718658673986
38,23,0.0004753270795971,0.0037135148925875,33,0.0001558132149288,0.7454248926350212
67,20,0.0003115343271563,0.0026195179332945,74,0.0001239861795227,0.7467539672909493
48,14,0.0122825996549469,0.0030043345527311,58,0.000143010057933,0.7663442095731481
58,35,0.0049169336928168,0.0007507469151519,24,0.0006993144820546,0.76886822395873
123,25,0.000418753552513,0.000469727587749,20,0.000279070735093,0.7471758728857599
75,19,0.0005847360685869,0.0019960216668743,86,0.0001905301545728,0.7485816605292351
39,10,0.000121029816385,0.0001440982725184,53,0.0001667596847514,0.7450324493835007
50,15,0.0002824917837785,0.02431942673869,29,0.0001129004623735,0.7453239500046963
35,27,0.0002418305162014,0.0011870917278723,142,0.0024723524569202,0.8095563724531745
87,55,0.0045103220975308,0.0046216767368414,25,0.0001308730898249,0.77638218016616
64,67,0.0003711438761022,0.0001754910831476,34,0.0216553427706274,0.8453630963170975
45,22,0.0033013152524692,0.009217650944242,60,0.0020109220929741,0.7718921474266431
55,76,0.0001143509273671,0.0007631292100943,20,0.0069491152482193,0.7732967609331608
75,17,0.0001456827637009,0.0004209381305196,99,0.0005069651499226,0.7521877118852599
34,29,0.0001681058140482,0.0009718058995509,36,0.000383836347133,0.743154749597444
157,36,0.0001742240658676,0.0010261163517197,38,0.0004065068011994,0.7570083315378013
29,32,0.0001898291737441,0.0009145061012335,35,0.0001642281526777,0.7464562582971664
32,44,0.0001691499762111,0.0013961859753015,39,0.003272922358901,0.7711921051880445
40,31,0.0001427361792066,0.0008381085826084,31,0.0008373108707975,0.7474478444606673
36,26,0.0018859109494823,0.0012132718203754,36,0.0005927907659856,0.7519234903773453
45,27,0.000211205757459,0.0010195962466684,42,0.0001438995526343,0.7461088527602089
33,31,0.0001576259379541,0.000730092378846,27,0.0001146800384717,0.7468649022058609
52,37,0.0001273039319138,0.0006422860981035,29,0.0001013531721583,0.7472114156244739
43,29,0.0002340208839181,0.0056867078479372,34,0.0001272224136891,0.7467506163735216
226,23,0.00029651764223,0.000125987162482,17,0.0447923341050443,0.8192488307997994
26,23,0.0001801519989031,0.0017424965898077,23,0.000179038818093,0.7469075460901864
57,34,0.0011461788577164,0.0001620819168696,32,0.0001460451612396,0.7509406325732868
47,20,0.000103627918944,0.0165269873689593,27,0.0011738823325648,0.7473471056890014
38,29,0.0259387359149145,0.0005463788578248,43,0.0003767519111626,0.8032574765746208
59,26,0.0002524215166332,0.0026542571540501,22,0.0002272614005083,0.7456915617894159
27,19,0.0002000936548668,0.0031993533730938,16,0.0005063340821082,0.7452827279935709
47,105,0.0015232696062341,0.000192155700677,37,0.0017548464515729,0.7699165541648398
65,13,0.0067904112766899,0.0001454623736665,31,0.0002072282017646,0.7657514435131608
36,23,0.0001428990657865,0.0010688628202554,25,0.0001239919962107,0.7454229395426512
57,17,0.0003415790927943,0.0037540949425778,19,0.000157203951461,0.7457483121102361
44,10,0.0351836976346525,0.0022709238011357,46,0.0001123318202537,0.7881962110740246
423,96,0.0043220181257891,0.0006224924509136,22,0.0022884249073002,0.7807467560532522
24,20,0.0001195563350943,0.0008290228134679,15,0.0004304358548672,0.7443461968107068
67,29,0.0027938362688715,0.0001142197850537,29,0.0001348091141341,0.7535849849514059
51,14,0.000421903708487,0.0004732243219567,41,0.0043590552970974,0.7817851075193147
34,40,0.0012862148314835,0.0015405530533865,17,0.000172210953705,0.7503907017532814
56,24,0.0001638122710728,0.0046306197563495,25,0.0001437905394969,0.7477912388804481
45,17,0.0002195358166732,0.0009690910214701,20,0.0001009159274645,0.7474349764868978
82,10,0.0001385895462033,0.0001662553994348,35,0.0125946407509616,0.8147347514274729
66,21,0.0002935354091102,0.0019095141553625,30,0.0005693334428698,0.7475017731982344
33,32,0.0001747619808186,0.0002021777885967,49,0.002613739434643,0.7664273158685747
53,26,0.0004710130502418,0.0001355478460775,26,0.0013409917365451,0.749852154323211
21,13,0.0956651790084084,0.0458475628316763,13,0.0003347301816453,0.8011428902488463
39,17,0.0003262578873435,0.0032173697627263,21,0.0001969959433799,0.7472232089676842
113,21,0.0001904290866044,0.0064873234844554,16,0.0002637890692324,0.7484749122746831
72,14,0.0029052925062333,0.0025038967292702,33,0.016800431574474,0.8342345743139109
59,26,0.0001009101301184,0.0003821138267428,37,0.0006836963053479,0.7494424322433156
267,18,0.0052300388416784,0.0007151472298504,24,0.0001255076354671,0.7660747403358127
94,35,0.0001533121688433,0.0013098912832805,13,0.0010754444758776,0.749467067275126
45,10,0.0002581899733307,0.0008809362241323,30,0.000171570804645,0.7464066519186049
30,30,0.0003986101988675,0.0005379409423488,18,0.0001508895535972,0.7450462524472959
64,24,0.0001166909867645,0.0039461056235735,41,0.0007809429515447,0.7471619282019878
53,15,0.0001377051030152,0.0020791315331453,28,0.000115025533923,0.7421244526016996
78,14,0.0002218446397361,0.0017046053027296,24,0.00336194840552,0.755943580115777
54,21,0.0003640372908655,0.0021821387527529,21,0.0082789530336967,0.7817225788610906
21,17,0.0598935723454547,0.0021757418680906,27,0.0001253137724653,0.7968394490624588
38,10,0.0009436988824818,0.0019605539914963,10,0.0002068597268775,0.7475615108376653
70,27,0.000160003580178,0.0026800992503572,16,0.0001433368397758,0.7453783576782533
368,14,0.0001287144330588,0.0015926515727912,52,0.0001739185780213,0.7530758147871373
61,20,0.0158001590172257,0.003121427925676,19,0.0004453541651452,0.7841043983157242
84,23,0.0241776300295731,0.0025018112067128,27,0.0003062153125266,0.7862923318779431
46,13,0.003173380109987,0.0004662962171783,23,0.0356444451408311,0.8491935040125284
30,32,0.0002022339833873,0.0006495844868229,14,0.0001177850126137,0.7438268929736533
53,34,0.0150468345028758,0.0011115914046854,13,0.0941320631596656,0.87706093903739
39,40,0.0001945602981971,0.0006839787250941,17,0.0040416900302538,0.754232713702075
65,29,0.0003023731684593,0.0007982121015249,14,0.0671243307397548,0.8525141830319162
31,32,0.0002608757390868,0.0071915215940083,13,0.0001136804697558,0.7459985618419008
48,30,0.0036741109847557,0.0020277561167753,18,0.0001279756076211,0.7611532265262851
76,34,0.0004965762548636,0.001400618829528,21,0.0009540043899518,0.7494729655547481
56,37,0.000213036567391,0.0055396516769961,10,0.0108536852775983,0.7646564254059066
40,27,0.0001729451473327,0.0882109693134953,16,0.0003748534804294,0.7476831616243395
172,25,0.0061774414353267,0.0331828721784266,20,0.0036255740959847,0.777715465717394
27,29,0.0004336712657299,0.0009284028098046,14,0.0029757778333832,0.7498831410625757
70,117,0.0003516490055991,0.0033969400412911,10,0.0001115117906144,0.7527653885116447
60,24,0.0005278621410964,0.0028700596155283,24,0.0001512755913282,0.7441392725509488
91,21,0.0001439098315053,0.0002299013804453,18,0.0002418572339559,0.7428152800861259
88,32,0.052851536335741,0.0002405723153328,17,0.0001835326022715,0.7889516451036424
87,28,0.0001325244435569,0.0002798277743313,20,0.0002355443065382,0.7475441785711648
108,24,0.0001466205565697,0.0002172333538258,15,0.0049799897192822,0.7566648511197487
17,23,0.0001167502650725,0.000252959110791,22,0.001639345565655,0.7474408077323157
109,37,0.0001518741668905,0.0003535368590403,18,0.0001372317088752,0.7451183748342384
96,21,0.0099261358316018,0.0006040963540576,13,0.0024266790607219,0.7698363216061045
34,43,0.0023009665841337,0.0017170856026051,24,0.000159541070525,0.7583747862194925
98,47,0.0011296016783151,0.0023872194158535,10,0.0001209868369566,0.7558495142702315
276,28,0.0020542258562962,0.0012237337397995,19,0.0002115894087303,0.7669697303531132
101,20,0.0458972864788507,0.0003089589506845,28,0.0053897000797958,0.7960596198448412
42,32,0.0217368936929099,0.0002155564405992,16,0.0001377604037219,0.7961507620254
80,26,0.0001909554457279,0.0289844010575269,21,0.0042289941947482,0.7574249626449009
49,20,0.0001341622458585,0.000411251961057,26,0.0005150923522112,0.7457149254173103
24,24,0.0015146432146489,0.000806350920774,14,0.0001001517171475,0.7471333779471991
35,18,0.0001671098074258,0.057939803894591,24,0.0006705237858631,0.7464541689075839
52,30,0.0260522584156786,0.0001857457918276,22,0.0001578605125821,0.7948210695782246
77,25,0.0002378606375226,0.0043967051312686,18,0.0001884169622724,0.7453327036591081
90,19,0.0039299190091272,0.0006830142293461,29,0.0020869910786752,0.7653248325217918
44,35,0.0121625112083857,0.01714654471075,10,0.0001176712071233,0.7831786764249796
28,22,0.0071713612670273,0.0251095451339819,91,0.0001333082965139,0.766869581530177
11,27,0.0001137799297576,0.008302000583138,15,0.0002413211559128,0.7460568949021886
61,17,0.0002011896040258,0.0002626497863637,26,0.0005791524976876,0.7448323247262305
42,31,0.000100715352598,0.0019946677835503,20,0.0001642164302578,0.7448730344238755
72,23,0.0002829680409576,0.0052480456659911,106,0.000846590007505,0.7600017277325435
58,16,0.0001542158865677,0.0027555526524805,13,0.0001235683998243,0.7438504672645336
64,13,0.0110200534964687,0.0025566297475403,13,0.0001121299439132,0.7644454828748328
74,15,0.0081727357477718,0.0029211718242512,31,0.0001271157295106,0.762623329117964
55,18,0.0077426539927358,0.0028523970100334,18,0.0001134683163222,0.7618880851395037
22,13,0.0001647666361871,0.0122284092142937,23,0.0013605742790555,0.7466009726896708
83,17,0.0001883991044429,0.0034547884743668,27,0.0011120088911044,0.7498692078978612
32,13,0.0086227816170023,0.0038875052101266,17,0.000142768974462,0.7612834768411425
47,10,0.0058336798274801,0.0018247951330243,22,0.0001219841975973,0.7524577336175898
67,20,0.0002289902973869,0.0022651966573357,10,0.0001011663927496,0.748261903205222
392,16,0.000151789258128,0.002444686637899,28,0.0001768537675026,0.7680338973119899
37,10,0.0002519995398672,0.0032805106608671,13,0.0001381588621247,0.7425309999951051
20,10,0.0002641747829215,0.0047974532736737,33,0.0007652847567866,0.7466200663693431
35,10,0.0135338304690804,0.0102204153904966,18,0.0092324829942583,0.7908674176645467
29,183,0.0003257719895084,0.0034897564759124,21,0.0014369426521151,0.7536720395366823
40,10,0.0002536178903725,0.0005590366229022,25,0.0002078920979168,0.7438832119459574
22,14,0.0002951317104589,0.0411267435124211,16,0.0001461892571044,0.7463026381143345
119,13,0.0002404060503336,0.0009413445356444,32,0.0018258918202618,0.7551967079289884
35,58,0.0002127247924353,0.0062711768152844,10,0.0002711239373871,0.7430358807112929
238,10,0.087887069910514,0.0075520068653171,10,0.000278491810301,0.7744470718877059
204,73,0.0767100904022831,0.0061698124718822,10,0.0003627608882058,0.7688545572563
44,17,0.0003475016150604,0.0073335707387015,14,0.000349127359474,0.7452640703250145
37,49,0.0034507997440758,0.0059381444218506,28,0.0003111948321855,0.7694628455584255
47,70,0.0002957923105158,0.0051590434443116,20,0.0004155889457389,0.7468950952207696
51,14,0.0002269484578741,0.0040679121405804,23,0.0032123552744703,0.7531171903278538
98,53,0.0010438045858991,0.0047757495686168,45,0.0002279390422112,0.7543186290153568
39,52,0.000391272361917,0.0101517290728288,35,0.0002484362844098,0.7497760977130556
59,66,0.0007724520736696,0.0033168843877415,14,0.0519693385509409,0.8448856152101784
332,20,0.000208939568922,0.0063406838137576,29,0.0002743585630312,0.758552829902532
18,58,0.0013072717268776,0.0134954547578743,71,0.0001968937963349,0.7545111689421486
32,18,0.0002710803590686,0.0040699066244518,10,0.0074894663344479,0.7558530558866162
52,13,0.0972767301688261,0.0012289339530793,18,0.0001683809097569,0.7908110501765547
10,44,0.0090162736057568,0.0059054348890402,26,0.0003292923351659,0.7925762830193467
80,21,0.0001892565082852,0.0031191934270974,64,0.0436377170974575,0.8511428061715312
44,86,0.000318209360908,0.0022121370109975,38,0.0001796041070837,0.74684826848302
66,10,0.0001720875336313,0.0108954933045515,23,0.000446574158395,0.7526549597608567
92,60,0.0219827557035714,0.0070395643665065,31,0.0240066141574122,0.8539509242436917
28,15,0.0016965501689528,0.0080684312988472,17,0.0002311831575174,0.7493435623800921
55,39,0.0003796532596082,0.0014370293917917,14,0.0923674220002641,0.8631893176731286
40,19,0.0002451855430347,0.0016659911717831,21,0.0067104332200617,0.7736237806819052
71,15,0.001692635728842,0.0087034042816117,50,0.0001533869281511,0.7488823768747328
61,21,0.0001321978477919,0.0036616971738386,25,0.0002850841219581,0.7465128850238879
48,26,0.0376854296682208,0.0011093968798392,13,0.0001418577037371,0.7941186139148048
134,10,0.0004277121959098,0.0042892546743052,10,0.0024168749765583,0.7551049506850036
33,17,0.000206153541773,0.002854104228399,19,0.0006107659106094,0.7476315095407374
84,78,0.0008777750651403,0.0003395263052757,33,0.0179712166625326,0.8311420655895962
24,57,0.0001176022641785,0.001941961882982,29,0.0015981673693384,0.7488654217981363
40,23,0.0001750870313475,0.0001775214575906,24,0.0002084748357945,0.7468946167267708
57,14,0.002369744356048,0.0004598607447273,16,0.0005132328685941,0.7497462752493458
75,18,0.000277637002362,0.0858203404116993,46,0.0154434909916693,0.8271754446756757
480,27,0.0030394536576812,0.0806554496908101,20,0.000170640208441,0.7688073932577351
49,22,0.0001438796249596,0.0003801869463524,35,0.005302424256494,0.7817350989864872
34,101,0.0013825606157029,0.0493512620289439,28,0.0001369639948325,0.7628131635450072
64,135,0.017276046016058,0.0193289514430272,166,0.0003912763501279,0.7918164549710247
19,13,0.0003356171952596,0.0014984414029833,16,0.0366707599196086,0.8402857513537202
48,10,0.0146180537237986,0.0195481096620033,130,0.0001866574705595,0.7645218118210246
71,18,0.00023455644493,0.0051627358020744,116,0.0008877811256039,0.7590929002143488
103,25,0.0579099463726533,0.0157791635160835,24,0.0012459686753803,0.7850341082199265
39,47,0.0001687695174912,0.0023498436760872,41,0.0001554211223391,0.7467098541985222
55,14,0.0517260571260516,0.0112323849893669,10,0.0001333554659692,0.7921339428122752
26,20,0.0026322596009296,0.0067930652555153,20,0.0002678745580706,0.7508977968991098
61,28,0.0001300378644332,0.000998264804488,30,0.0736047951400689,0.8604823949785637
89,16,0.0002198374705675,0.003252202582676,13,0.0025874419812088,0.7500086768884126
43,22,0.0004720467472937,0.0001583593991348,55,0.000115421889124,0.7430602647533773
31,23,0.0004851834115063,0.0093786062879966,63,0.0001116060045648,0.7492587155827299
38,22,0.0004329901882825,0.0002068926954001,55,0.0001116000663678,0.7454302510362371
17,18,0.0005399682400853,0.000793910936819,17,0.0863608859215988,0.8747751658464259
28,25,0.0006888065192258,0.0025658752626591,61,0.0004546553841929,0.7479075158109406
48,13,0.0003878574692559,0.0020829358783062,57,0.0003420900868926,0.7472135310151363
41,19,0.0003639451383487,0.0483279901390292,26,0.0131416428122152,0.8081481785927234
10,22,0.0004932844118293,0.0001876615025842,69,0.0001019135662649,0.746796761212222
42,28,0.0003113051346633,0.030237012597641,22,0.0065034260700335,0.7735468740338276
29,10,0.0046363615302506,0.0002978786285109,15,0.0757539078426049,0.8720973553071066
50,16,0.0004516756738444,0.003694372454281,20,0.0031172034348771,0.7519218191743191
35,20,0.0006254383226877,0.0004920119198341,32,0.0001294460135476,0.7466789967575763
309,14,0.0002668838321519,0.0044672345472391,26,0.0010164078140609,0.7591320492883005
52,25,0.0003864999932842,0.000166613418175,13,0.000155519741883,0.746727012963551
43,29,0.0003332798575155,0.0004227400029476,36,0.0002424654658061,0.7449837374792007
22,16,0.0001945436598215,0.0556610725203831,59,0.0001002645792312,0.746276240583534
35,10,0.0005493607464927,0.0027674585537512,10,0.0001989088979029,0.7468880603093685
57,21,0.0002160836757686,0.001063069815635,23,0.000681143142473,0.7463940222654069
26,33,0.0004168411113632,0.0012983824514572,18,0.0001242780443698,0.7471037689286298
45,17,0.016076202792653,0.0139999100267979,184,0.0003068235460945,0.7807991605746276
67,24,0.0002824606365652,0.0008880949019295,30,0.0019770442665243,0.7534308075084318
53,19,0.0011812439194584,0.0002265588266022,27,0.0001733977871611,0.7463635410546556
35,14,0.0018465242105682,0.0639914025951499,17,0.0043051929999927,0.7587798301345695
75,30,0.0001815474943032,0.0017770862759198,23,0.0001460820501552,0.7446101582618834
19,13,0.0007205949727907,0.0007389212480831,53,0.014053093619434,0.8553642266831298
61,26,0.0001579968552931,0.0058552679197299,33,0.000512565394635,0.7459964021115641
44,22,0.004542062694794,0.0078042480253722,15,0.0009860505233397,0.7615475076376717
31,17,0.0002436308234167,0.0031069625598022,149,0.0001185292715281,0.7472747080944548
84,10,0.0060217108976356,0.0985195872160399,13,0.0002147722032254,0.7524412457486671
52,21,0.0658803239175211,0.0005630956220716,19,0.0055054704587236,0.803054154469158
41,13,0.0095362910763704,0.0024136375932489,28,0.0001371149790317,0.7634554989577671
70,28,0.0004628614106664,0.0093964293969021,83,0.0001609832742402,0.7461606620536646
59,17,0.0003232512007413,0.0002716785996102,37,0.0049234568117023,0.7804807565252464
25,26,0.0020867365421766,0.0003622648795051,65,0.0001168518890011,0.7537105236166884
435,22,0.0001942662348683,0.0001640480293629,23,0.0005766404725324,0.7595285290603762
46,13,0.0039487079971832,0.0037448275225628,13,0.000185213792273,0.7520542280845359
77,35,0.0003815470607668,0.0001949942104672,10,0.0007810688698688,0.748105504832697
34,10,0.0001485253252383,0.0183142969513079,21,0.0002582435543519,0.7459341732475163
15,19,0.0002189635023901,0.0021069842157154,31,0.0081722422614741,0.7973889091244099
63,16,0.0002640654562278,0.0003215360469882,25,0.0001377364210995,0.7493413508079529
51,30,0.0030788181464964,0.0015333834652932,77,0.001207232039478,0.7701787758990664
91,144,0.0101744208332157,0.098894859602961,17,0.0004031884061922,0.7775759061112529
38,23,0.0008822714784356,0.0011613446044886,58,0.0035154322684109,0.7874115376162288
25,91,0.0823817948578623,0.0030107520779094,193,0.0120435692969799,0.8991205715908132
56,14,0.0001792568958587,0.0211594165455511,19,0.0003205569836683,0.749730475617254
107,25,0.0052745801116069,0.011341210170432,28,0.0001004756354025,0.7677392039528058
66,20,0.0003404263075793,0.0006231380771538,39,0.0026821033049153,0.7643789183000006
45,10,0.0198213709932073,0.0087869929350996,34,0.0001596685834751,0.7775577557890327
34,17,0.0010016770071451,0.0051441858422144,22,0.0060344379749127,0.7705033519423653
76,32,0.008203144542797,0.0008566918623164,14,0.000128177814154,0.7794425549698929
51,25,0.0005375837174242,0.001855178618253,10,0.0616100587156227,0.8390403736584502
43,14,0.0001620865979061,0.0025096872061543,26,0.0014105668750274,0.7477552822456006
61,20,0.0073480864277926,0.0121031662548534,17,0.0099797277543611,0.7901957820397961
23,197,0.0002923643810415,0.000223027483332,52,0.0002022899006899,0.751991063079979
83,17,0.0463800761474794,0.0004539657226087,121,0.0001456158179206,0.7887717494565935
35,29,0.0004620161159192,0.0043340380401699,31,0.0006460769213664,0.7496003023089862
71,23,0.0001136871656546,0.0001502649899685,21,0.0001151437408136,0.747012161340966
54,13,0.0033357676115715,0.0002540197090758,25,0.0001668150148917,0.7477182970863877
16,19,0.0002430772346478,0.0007366256959242,15,0.0021566601998019,0.7474988499929272
44,10,0.0006198587339921,0.0034521449505655,62,0.0178274878726542,0.8547323300024812
29,34,0.0002016535762592,0.0663177819468481,55,0.0003699094355554,0.7462869967896187
94,26,0.0001401092478366,0.0010136254122147,19,0.0002184579304573,0.7447335517920127
68,16,0.0001010312543232,0.0003860339932643,42,0.0097146568926682,0.8111964354599535
53,22,0.0004168093311383,0.000173341410057,48,0.0001291353890664,0.7492624764952063
39,13,0.0001768380586104,0.0357171976454119,29,0.0002965019885485,0.7482149582740308
60,29,0.0007663142200457,0.0013718198751275,13,0.0038448448909671,0.7528827619599612
30,38,0.0003521798902306,0.002757690065447,36,0.0001769402277931,0.7447553620273859
47,19,0.0002206644703747,0.0005196636770757,23,0.0002548513327122,0.7444658748742947
81,16,0.0001538839182081,0.0001329531206333,10,0.000143948346735,0.7469131172400706
10,10,0.0003076427731808,0.0022489606846587,17,0.0068298567545543,0.7632339918701
63,23,0.00012339748782,0.0002070532374458,26,0.0004589510788917,0.7464141199881157
40,27,0.000266181386783,0.0062578055854768,32,0.0001115579862782,0.7483482156984859
23,123,0.0001873000251766,0.000324515356014,21,0.0001558851017952,0.7487863760487715
54,83,0.0004923289583247,0.0006715890070973,16,0.0001281057471872,0.7509878537002118
72,14,0.0003867721030575,0.001692743566263,27,0.0001913653808093,0.7486753306735053
37,19,0.0015595407243975,0.0009035518825216,20,0.0008803738559051,0.751304793555422
49,24,0.0001443586019253,0.0041159773562053,38,0.0001008438481771,0.7461280808833257
100,33,0.026376676623795,0.0031352696507175,13,0.0107863104892012,0.8009403136038729
150,16,0.0356212496650389,0.0020788927284256,24,0.00014569995279,0.7845189409968291
60,21,0.0002357953075647,0.0077573304775893,30,0.0007174138393394,0.7464004610667873
187,10,0.0001652667237275,0.0002815606614439,60,0.0002221779285983,0.7557954902523059
356,28,0.0002042936079229,0.0005375385363391,18,0.0001180323164913,0.757161256013045
29,16,0.0005667321350952,0.0001819127917627,10,0.0003820955189286,0.7472706381236808
117,13,0.000131807178707,0.0011097650185474,45,0.001770725490393,0.7599687077366687
46,19,0.0996606372667748,0.0283312222168656,67,0.0005372590827915,0.7982080152701813
70,24,0.0002925321928359,0.0050370607188154,33,0.0001715607883977,0.7440822539801943
87,31,0.000410997788869,0.0002320495610163,15,0.0001326849868348,0.7452820109811191
36,20,0.0003451359057028,0.0004249695536801,22,0.0328564159423955,0.8507162906253517
22,13,0.0304455465689218,0.0001548984968071,50,0.0003228800394521,0.7917640478319383
57,108,0.0001678940175627,0.0027878119220903,56,0.0001549252475193,0.7496380014846309
46,26,0.0053170422938265,0.0007543880865106,28,0.0056188063266324,0.7890170501878769
79,17,0.0105663536979358,0.0005927007116047,13,0.0293846605498852,0.8257482269985622
32,10,0.0066540755126058,0.0381230133349765,19,0.000111181792829,0.753885705432035
63,22,0.0001118584036103,0.0129387868637446,25,0.0002450365472333,0.7483442677302101
43,14,0.0002421293533096,0.0036498811630082,16,0.0048390238855047,0.7524834285264415
17,30,0.0006521916990939,0.0013046045643592,36,0.0261683710488449,0.8657543830904884
51,36,0.0001964463805035,0.0018878905765714,155,0.0087133798476242,0.859823213488108
72,19,0.0008497888335027,0.0001280410767952,22,0.0030358280245224,0.7550484238686602
28,25,0.0040174889711872,0.0024700978262753,29,0.0004494272320744,0.7603636797772939
57,16,0.0686587651448579,0.0008256594249216,41,0.0001808213518795,0.7948392191479347
215,10,0.0001346152306642,0.0016209734261494,10,0.0040536416627491,0.7594583199954457
38,20,0.0004606148478245,0.0002006487549566,19,0.0013464707346682,0.748502480303609
66,172,0.0026456168917072,0.0003714056592355,34,0.0015049985103298,0.7942570682185993
46,14,0.0003102321560094,0.0032864683195357,24,0.0011619907415819,0.7505962008138222
78,28,0.000152797933995,0.022314759427019,15,0.0001302840671231,0.7475803768072542
35,23,0.0001792003860378,0.0055705025155138,54,0.0006112394594764,0.7486750318480656
53,17,0.0060020974055426,0.0009697476166968,30,0.0001508398082082,0.7623679570172368
258,13,0.001895097803967,0.0002604504202902,26,0.0010391459933511,0.7572823631605343
19,22,0.0544162769953922,0.0068129181048255,20,0.0001977981404079,0.8119363693001794
64,32,0.0012479581329649,0.0154499081043182,15,0.0001152354994244,0.7518144971148859
93,26,0.0011150301738793,0.0006444594055625,13,0.0001001164071824,0.755415609647083
42,153,0.0002143128420257,0.0045648586772525,24,0.0008299941673644,0.7490967595411676
28,18,0.0002675028216932,0.0003048969035142,20,0.0002905756280008,0.7481162061210571
54,10,0.0005316954590495,0.0005044700008361,61,0.0001349249143253,0.747578910028759
83,14,0.000382296782562,0.014000572452118,110,0.0001673556947139,0.7529081385052925
38,24,0.0001215026752126,0.0022167601475747,10,0.0001239326214638,0.7440115958717598
165,41,0.000152446309893,0.0001538021497519,134,0.0003540291170693,0.7533153762975277
68,21,0.0004413417380837,0.0027393282257322,97,0.000211989532982,0.7497866264548134
50,28,0.0001777111956568,0.0001790580287114,126,0.0001462965373199,0.7513398251144486
24,18,0.0003451907845447,0.0014407025558454,32,0.0002525020484504,0.7482475183449327
60,35,0.0002173345021415,0.0004089529221009,46,0.0004697868416359,0.7455252650459284
42,13,0.0309423841168335,0.0038222222310347,27,0.000732646454109,0.7920831818964666
32,10,0.0002497729752979,0.0001180379488478,72,0.0694452922376159,0.8921035462126801
16,16,0.0020836891501455,0.0002340262797327,39,0.0001817912949318,0.7491035542906089
72,22,0.0127289763995096,0.0001408335036512,17,0.0009474027059276,0.7779875030921993
52,31,0.0002953532641654,0.0007337764386831,22,0.0396997915626073,0.8465300538565597
59,26,0.0001004069077778,0.0024551156697821,57,0.0001118735991691,0.7472196218157923
41,20,0.0001456838751153,0.0104464950865294,13,0.0001559479932779,0.7465439024524972
87,14,0.0001889729829738,0.0019088064137731,51,0.0019492030700207,0.7640092123022488
29,16,0.0001290884238169,0.0081710555270262,34,0.0017470420087119,0.7522494600316421
104,10,0.0003800899750877,0.001253192505855,18,0.0062733666739306,0.7687182494150806
10,22,0.0022187340222637,0.003096301194736,28,0.0001346513870577,0.7505271027427552
49,28,0.0006425543992225,0.0008703274416014,24,0.0518167146944176,0.8660091707871717
76,18,0.0004972573419186,0.0004831792323916,13,0.000228414014135,0.7480713845172023
66,25,0.0001629712067643,0.0003484865326468,140,0.0117969215944793,0.8579198274994809
39,13,0.0007282881781549,0.0010568489021599,30,0.0004154369930041,0.7448872309712773
57,18,0.0075013522032503,0.0478006514978613,21,0.0005280521911411,0.7623782182607196
24,34,0.0002622341714927,0.0002685860405962,16,0.0075182026448358,0.7665329286057887
128,22,0.0002049953588488,0.0002162697302006,36,0.002708792745508,0.7578038098339237
33,30,0.0001158966604136,0.0001875478551463,10,0.0187798175662684,0.7802624005663994
46,14,0.0003251947639743,0.0005741083360351,43,0.0023316791689981,0.7580570215033863
63,10,0.0209707765623524,0.0022326945153127,26,0.000124273503024,0.774427422713551
49,17,0.0004490225980893,0.0035545241174009,18,0.0001726606760862,0.7483786604143874
79,25,0.0439672429945257,0.0058580541464983,64,0.0161304315130967,0.8533801098815512
39,19,0.0311811725334579,0.0027097704716022,21,0.0001441866325775,0.7921971212099441
56,14,0.0002390047593751,0.0044567467583179,88,0.0002689410489248,0.749429820093541
22,22,0.0001747616842944,0.0016177651920356,49,0.0001915653754769,0.7451152914914786
91,28,0.0232406953415023,0.0006697459027587,31,0.0001190054821098,0.7851695663141336
71,10,0.0001444371527727,0.0001645234224768,16,0.0003253669097274,0.7487837892361473
35,16,0.001760744567069,0.0007886443761432,24,0.0001003163617629,0.7489742985039339
48,38,0.000556928058825,0.0003190534255925,14,0.0090677106982632,0.7684183839834602
63,20,0.0012817868691053,0.0346978260947504,55,0.000162639380047,0.7526774857931061
30,24,0.0034790076274469,0.0001323556156235,29,0.0001356024406408,0.7563233446563569
44,13,0.0239721772407119,0.0004501110716674,20,0.0001152424437529,0.7814218444952099
56,97,0.0162090243613022,0.0009845537436484,38,0.0002123080051858,0.8005178405356316
80,31,0.0680600332696567,0.0011825765008839,10,0.0044446221010493,0.7941954200639945
27,19,0.0004008355252234,0.0030393379159572,25,0.0002931235682102,0.7457394690171152
72,113,0.0050533619734432,0.0040661109232761,17,0.0204161419157456,0.8323035125926829
42,26,0.0014280552052155,0.0001015375391658,33,0.0298709999695301,0.8579572823891339
56,16,0.0133194298832408,0.0021793253475287,22,0.0001501475557747,0.7734399778506932
21,13,0.000288070731683,0.0019061363742322,58,0.0001253977915155,0.7462594505316865
198,21,0.0026008501500537,0.0068239759870628,26,0.0006266970148046,0.7593887902955653
96,119,0.000218015471674,0.000237525298639,13,0.0142197944836403,0.780751369992958
35,28,0.0087695966689421,0.0025735454861822,19,0.0001867360314479,0.7724614402153376
67,10,0.0008961985132987,0.0001532861589876,30,0.0572532922924044,0.8619392659213047
49,34,0.0045343247796256,0.017712540110082,40,0.0001618709922013,0.7683055786057715
36,63,0.000164009411326,0.0005679097489275,13,0.001156057249808,0.7445060711130035
58,24,0.0567046270821732,0.0002050784829196,34,0.0007538064883636,0.7962692308419481
10,16,0.0001369270657394,0.045254809459117,22,0.0001114773677419,0.7459449005777055
47,20,0.0003490381804058,0.0003826501260575,53,0.0001294204138802,0.7477879731286482
111,14,0.0736092658875785,0.0052743225268909,47,0.0001432020226213,0.7855891373880591
81,30,0.000186974806391,0.0002726721016568,17,0.0003470238014494,0.7439482942876141
64,23,0.017037749463443,0.0015194351148878,10,0.0004204515427624,0.7845071577354824
32,17,0.0010377128433496,0.0008662362654425,28,0.0403942690338182,0.8608061997102244
21,10,0.0001197678697515,0.0007079831874828,25,0.002968965330127,0.7506644283374119
43,19,0.0821612539417203,0.0031914502469055,61,0.0002368688069405,0.7953297605495978
72,27,0.0001997912938018,0.0001845684035766,17,0.0013267087269553,0.7505832301866877
49,14,0.0309016764749969,0.0001154406189653,21,0.0036489422310715,0.7951964367400037
59,22,0.0004172028221594,0.0094816428594891,13,0.000199141826604,0.7462394258642001
29,37,0.0003139279477211,0.0036099056340525,68,0.0001653532584435,0.7491885191326482
86,17,0.0002431079113462,0.0002954635806873,103,0.0325363322526661,0.8525932590257239
52,25,0.0005124438943582,0.000492884588879,33,0.0005229212263485,0.7449769306150839
35,10,0.000155204902302,0.0006169893441162,28,0.0001001876877037,0.7460351361711867
67,32,0.0102550292861622,0.0010693020845179,43,0.0016250330433545,0.7865714740308624
41,13,0.0001334226546217,0.0027868909410566,22,0.0008970006171519,0.7496565774539744
16,20,0.0014026564993224,0.0012410728049434,17,0.0001391859284193,0.7473213294380299
55,17,0.0002191345867523,0.0018642257102347,14,0.0001146766898495,0.745971542308346
75,25,0.0001117807769699,0.0001443141848957,24,0.0001745956597831,0.7472798435167223
27,14,0.0002844454157927,0.0022336653344711,37,0.0850018227202949,0.8848628121065358
45,29,0.0005972401689577,0.0009326606838471,19,0.000291286271966,0.7461379827943355
62,22,0.0003606686998729,0.0004254970592117,30,0.000402070516289,0.7472411438543972
43,19,0.0001764546329221,0.0798279674427411,10,0.0010691860736642,0.7455678334680336
36,10,0.0412169429455033,0.0146030628237198,52,0.0112146016688796,0.8545467958943314
90,41,0.0004320485067507,0.0046450745562158,26,0.0070312013432492,0.7853849457294572
380,14,0.0178650983701717,0.0072415574101087,15,0.0021153200248645,0.7750648699265004
21,27,0.0010372100054762,0.0001688544121646,20,0.0006561595459041,0.7476686925266918
51,22,0.0001548317950504,0.0122976723517862,34,0.0001507008456784,0.748534256525562
67,17,0.0068436544726005,0.0002117651580839,23,0.0001224320562462,0.7653327357693296
102,31,0.0002627123944451,0.0003320057861857,57,0.0002530476483608,0.7473970124023902
57,13,0.0001905665417355,0.0001239387563482,28,0.0005620943238874,0.7452962795427017
77,24,0.0135418275510233,0.0262722250274972,64,0.0001344107753869,0.7800242259514151
290,17,0.0504352643046564,0.000800587644637,16,0.0004781970031546,0.7739732540747578
32,34,0.0186830152734243,0.0040839141762985,10,0.0003719518380849,0.7968702907188956
41,20,0.003142119519002,0.0290337474372212,19,0.0263319278785269,0.8317801030786628
53,10,0.0001339981400332,0.0024333672111116,47,0.0001957309754197,0.743941955932809
28,26,0.0004699555842825,0.0017653528486078,39,0.0001597573233138,0.7482281094790587
64,15,0.0038751331270541,0.0014282062935037,31,0.0001119881263739,0.7576907783091622
17,22,0.0016594027409949,0.0030029514164296,23,0.0002312967422966,0.7478767038902042
47,13,0.0008109044657841,0.0006893405892774,25,0.0135816123555078,0.8096956000582154
81,19,0.0003318147883386,0.039516846861404,14,0.0001330437419503,0.7489951111196738
38,130,0.0001006185200957,0.0002574728545014,18,0.0062117208703491,0.7620859857822538
71,29,0.0002230822220463,0.0204275099613891,28,0.0001479994852036,0.7457793438936035
57,16,0.0001815089149833,0.0033594747446718,13,0.0001740563496824,0.7431682385034052
65,14,0.0001678247553849,0.0035396559017918,13,0.0001734917912531,0.7461571728714088
71,69,0.0001960273459216,0.0034407585357729,10,0.0002129729932507,0.7502970848959588
57,10,0.0001485011466386,0.0028398613825128,50,0.0001914860232234,0.7443224294239
81,16,0.0001765288948749,0.0253621869014801,10,0.0002628007733715,0.7504767041730682
92,17,0.0001252703980951,0.0031871829030197,14,0.0089322079664397,0.7690067468910126
62,13,0.0002113156062781,0.0049009732234678,34,0.0014270289825487,0.7479411053665653
54,18,0.0001572298707393,0.0218338409977208,44,0.0185503456611876,0.8444722821694656
68,10,0.000181449984244,0.003917640696184,19,0.0003110807276082,0.7472712284554662
52,14,0.0002328691032088,0.0026405186172908,15,0.0008752013147099,0.7447236496126131
78,19,0.0432054304831255,0.0995883232565141,54,0.0001749096875454,0.7796159776286731
55,16,0.000141052984853,0.0033487305076263,93,0.0377821536494844,0.8634992916176442
64,10,0.0001952629649898,0.0024484402441627,60,0.0007302877511845,0.7507831418737995
49,21,0.0007098799981499,0.0087832927838551,37,0.0002161601540562,0.7493742559136262
87,13,0.00267349356646,0.0020672280550972,22,0.0001582932078162,0.7512143471540228
71,20,0.0001181940017167,0.0231489712084398,29,0.0001001490183084,0.7419432567860559
94,16,0.0270992784225072,0.0394268639072209,31,0.0001061959731089,0.7808704415030449
101,19,0.0001252194065689,0.0269358710859941,32,0.0001084076275281,0.7523868128480742
78,13,0.0001122132538889,0.0054230284067268,27,0.0001019713650439,0.7446923594930016
455,21,0.0001000144442494,0.0552700388914347,35,0.0001203888990142,0.7655614966336804
74,17,0.0001150032137558,0.0731352103618501,30,0.0001010491871718,0.749795332768772
112,10,0.0001316186172745,0.0090375718623402,26,0.0764408879124391,0.845790802427049
89,14,0.0001149593061699,0.0195632009788674,180,0.0001188014241275,0.7444425393010461
72,23,0.0001467458622946,0.0068554169747249,35,0.0003614423538821,0.7447383215485488
64,18,0.0001323830611767,0.0128474711364511,41,0.0028672660956672,0.7670269940253449
84,14,0.0593298974858249,0.0080093683558969,29,0.0001286517842996,0.7856546586705129
319,21,0.0001443362658677,0.0151633928859753,26,0.0055022108830299,0.7770725462440332
74,10,0.0001689466511979,0.0016963300772318,33,0.0019228779682502,0.7527141563811649
59,16,0.010517669612451,0.0143924836833737,38,0.0001000163878628,0.7629183718637944
275,24,0.0006226498350701,0.0555226344333045,23,0.0002839132635887,0.759923926154941
343,20,0.0001207197959287,0.0038525863463547,28,0.0011741025836181,0.7638597240043369
43,13,0.0001575980535397,0.006075548621197,30,0.0002301055356116,0.7472806376951246
62,17,0.0089060749513461,0.0375465474420344,24,0.0005635215531823,0.7689260956142857
82,23,0.0002599034680945,0.008465637879442,31,0.0001451028450555,0.7455842138323924
46,10,0.0001008832450216,0.0102366209870186,26,0.0001992783444531,0.7458033319219676
69,16,0.0060475756969264,0.0046424235099463,21,0.0004642431978507,0.7564804315514478
38,25,0.0020842112042833,0.0533278552298509,36,0.0010455228646699,0.7526701509445263
96,78,0.0005222220943903,0.0194651644252411,24,0.0001218611651363,0.7515019419655993
54,20,0.000160970082404,0.0155617127714266,40,0.0022715184290955,0.7588487397561074
48,15,0.0029413684834108,0.0121030756214667,199,0.0155951249820016,0.8650652233180944
29,13,0.0001296142203174,0.0208549969463201,50,0.0239436445965237,0.8638495454143251
60,20,0.001359077944079,0.0326290038438047,59,0.0008355855498356,0.7523259405032182
249,26,0.0002935755098503,0.066768134468343,28,0.0001756065821031,0.7502899743193697
181,18,0.0002058043671142,0.0011408968183169,21,0.0016621631557522,0.7518660810470268
73,23,0.0010606382098598,0.0301188850687626,33,0.0006502689988663,0.7508388079046794
38,10,0.0055310860242211,0.0516145176218837,55,0.0357651196363992,0.8722876074802982
84,13,0.0001743564317646,0.002885223096393,19,0.0001405430692458,0.7496481724045113
48,185,0.000402314664793,0.0391372019362272,44,0.0003961764873827,0.7551813697141264
60,16,0.0002454999476462,0.0118848792555191,25,0.0075102587469531,0.7810946600531254
25,28,0.0001514240595043,0.0172721928434883,75,0.0242291929657724,0.872988107363437
10,20,0.0043379680128913,0.002089426885008,67,0.0045583305724605,0.8136043163706995
38,13,0.0001199095727362,0.0185142434202695,32,0.0302554813689013,0.8521423749388937
70,24,0.0004756149446625,0.0427912803565486,21,0.0001145559257282,0.7478518828435101
53,88,0.0008092109761379,0.0167790233364519,28,0.0001558335945117,0.7519018441536856
44,17,0.0117745380647659,0.0032910476189374,18,0.000266294417566,0.7691775425776342
31,93,0.0024980878540582,0.042983350485121,23,0.000124588239396,0.7711952990754031
64,10,0.0019134574314287,0.0455963672438032,63,0.0001920995593166,0.7478869145056312
77,21,0.0001420072213213,0.0345338790467781,36,0.0001387018392952,0.7432759814399592
102,27,0.0001402946817421,0.0496032316922956,37,0.0001141168204363,0.7478050345223258
87,25,0.0001316866844091,0.0712556158868761,37,0.0483064129482592,0.8365611094015444
93,30,0.0477797921046929,0.0409710666449938,78,0.0003353388907003,0.7814533736748481
82,25,0.000114642013311,0.0594899494434106,35,0.0001005695268608,0.7458772914188039
77,33,0.0001570980931999,0.0417456084397692,30,0.0040412026879089,0.767754889004329
77,22,0.0001420202365617,0.0040444775198066,72,0.0001402098828731,0.7478408075355958
96,53,0.0001167776460338,0.0046336760482138,31,0.0001301693189251,0.7484450585923373
83,21,0.0009229874952277,0.0735913508243761,41,0.001328113759408,0.7538127165924909
73,29,0.000176347477937,0.0010466801992357,34,0.0004849840263705,0.7483201454031093
70,20,0.0006038657758936,0.0270810358951322,26,0.0001573703232548,0.7459907028446074
65,37,0.0786227998697847,0.0227037305639049,30,0.0001000444618833,0.7878846298334334
105,25,0.0001109200412934,0.0266642512503428,39,0.0079627557905829,0.8082626715187781
235,22,0.0001448636959382,0.0262315574531238,34,0.0154406267253068,0.8043012914449107
87,28,0.002372045718589,0.0139259245223859,17,0.0001271579974475,0.7589922938069198
77,18,0.0001687520385583,0.023949919522679,27,0.0001151274695878,0.7484303959081917
60,22,0.0360096544529127,0.031240012279531,23,0.0001426217053679,0.7867007609018571
68,32,0.0001330354836551,0.0112135318757617,21,0.0007752298835563,0.7492251298910092
56,19,0.0001956176515975,0.0473509593170353,27,0.0847524712323241,0.8588769252444813
93,25,0.0007015326881476,0.0302404763340983,32,0.0009957676597229,0.7499264710799294
65,17,0.0404601617754449,0.0111262957662477,16,0.0001721243640211,0.795782065804921
80,23,0.0003744089853398,0.0234630652367789,20,0.002734145289797,0.7505597307130945
56,28,0.0323113753243554,0.0375085614283357,36,0.0015073410222829,0.7992975512828887
124,102,0.0012346098319535,0.0842798123531064,24,0.0003196533981144,0.7650460779346551
71,19,0.0001587695602334,0.0191356322016898,29,0.0105425411475476,0.8040597005204083
87,43,0.0005064630282121,0.0348996589129513,16,0.0006679750859667,0.7497726898723129
52,16,0.0001863913331768,0.0611426872642623,86,0.013493008557603,0.845816872519573
110,23,0.0004264049698439,0.003770074669628,40,0.003425561145969,0.7776188547564342
62,32,0.0073042391022474,0.0373322655766456,19,0.0002339260252408,0.7742497800405646
45,20,0.0001243427158307,0.0340934608847486,32,0.0004058160104976,0.745043941058077
77,27,0.0001010794199153,0.0217171235042578,24,0.0001294693756445,0.7441035590591633
52,163,0.0005449074307934,0.0463215149280544,15,0.0639413890576162,0.8428597513675804
70,16,0.0001406877581572,0.0306610716714714,27,0.0001136805815972,0.7451308484450851
63,14,0.0845689734120672,0.0034611173716342,13,0.0458938954792721,0.8430268030361466
44,23,0.0001666552382635,0.0013558638198847,21,0.0001552241575435,0.7450957131965077
88,35,0.0002157395926676,0.0060145849691547,167,0.0002777707455107,0.7499081774496967
57,18,0.0003290191895284,0.0248721093885278,36,0.0001855054007195,0.7445913320225461
39,27,0.0016328607384331,0.0027908249454696,31,0.0002179796815342,0.7507894309817553
77,20,0.0001881428472311,0.0640281942076617,18,0.0031114048777117,0.7549710454502448
99,14,0.0009421046062491,0.0074049937496809,24,0.000139138707254,0.7473692292309783
50,31,0.0001138830998778,0.0310172453047837,28,0.0001144785225249,0.7442520442147975
64,23,0.0001519321834828,0.0175462439540595,21,0.0478978337129645,0.8471344386552573
423,18,0.0004444783438788,0.0009102761434363,16,0.0011862253292967,0.7650484890357578
41,14,0.0032681007524474,0.0206999828340119,26,0.0667849380915693,0.8703972123652953
26,158,0.0044296393963477,0.0095686117151257,13,0.000345975127266,0.7999702327520976
56,26,0.0003739382023618,0.07975604104165,38,0.0004992004413532,0.7486944001520058
69,21,0.0014336327304509,0.0169761907392541,34,0.0001626578098222,0.7501336456100015
47,16,0.0001263049466676,0.0534578609392885,18,0.0001334259045732,0.7438359145253601
34,13,0.0002241703277373,0.0145783857406482,23,0.0005377135697724,0.7443478682422775
84,20,0.0017128249327736,0.0347405778826758,10,0.000608030233392,0.7524931844247114
59,26,0.0007353007073134,0.0127667248217139,30,0.0001836330472197,0.7507540276722287
73,10,0.00016869708933589829,0.06274795216096303,43,0.005249255810148013,0.7891073562981269