learning_rate,learner,embedding_size,weight_decay,train_batch_size,epoch,mae,rmse
1e-06,adam,32,0.001,500,10,5.003272533416748,5.003366100213302
1e-06,adam,32,0.001,500,10,5.004734516143799,5.004833745948507
1e-06,adam,32,0.001,500,10,4.122419834136963,4.135151250026497
1e-06,adam,32,0.001,500,10,3.9687869548797607,3.9721866656463014
1e-06,adam,32,0.001,500,10,2.594989538192749,2.6722390445524273
1e-06,adam,32,0.001,1000,10,5.003923416137695,5.004019266202751
1e-06,adam,32,0.001,1000,10,5.007801532745361,5.007916668122424
1e-06,adam,32,0.001,1000,10,4.104012489318848,4.116732780347789
1e-06,adam,32,0.001,1000,10,3.9820549488067627,3.985487838617448
1e-06,adam,32,0.001,1000,10,2.6134705543518066,2.6904100143904137
1e-06,adam,32,0.001,500,20,4.989999771118164,4.990091806304926
1e-06,adam,32,0.001,500,20,4.991812229156494,4.991903998454413
1e-06,adam,32,0.001,500,20,4.125241279602051,4.13797868339465
1e-06,adam,32,0.001,500,20,3.9844703674316406,3.987845790303483
1e-06,adam,32,0.001,500,20,2.590324640274048,2.667785995725301
1e-06,adam,32,0.001,1000,20,4.987332344055176,4.987440930162517
1e-06,adam,32,0.001,1000,20,5.004426956176758,5.004523710440322
1e-06,adam,32,0.001,1000,20,4.127775192260742,4.140425767243946
1e-06,adam,32,0.001,1000,20,3.9836530685424805,3.9870595228326904
1e-06,adam,32,0.001,1000,20,2.595865249633789,2.673275853614861
1e-06,adam,32,0.001,500,30,4.998007774353027,4.9981161383316195
1e-06,adam,32,0.001,500,30,5.002411365509033,5.00251096618457
1e-06,adam,32,0.001,500,30,4.105847358703613,4.1186305490402155
1e-06,adam,32,0.001,500,30,3.9746286869049072,3.9780214402592904
1e-06,adam,32,0.001,500,30,2.594322443008423,2.6717031323218343
1e-06,adam,32,0.001,1000,30,4.999138355255127,4.999235857746357
1e-06,adam,32,0.001,1000,30,5.004261493682861,5.004359633478246
1e-06,adam,32,0.001,1000,30,4.122274875640869,4.134975047837681
1e-06,adam,32,0.001,1000,30,3.973546266555786,3.976969340259215
1e-06,adam,32,0.001,1000,30,2.6024694442749023,2.6797646380741
1e-06,adam,32,0.1,500,10,4.986052513122559,4.986149486983214
1e-06,adam,32,0.1,500,10,4.998918056488037,4.99901418504345
1e-06,adam,32,0.1,500,10,4.135292053222656,4.147915852251393
1e-06,adam,32,0.1,500,10,3.9709408283233643,3.9743348722776184
1e-06,adam,32,0.1,500,10,2.5953118801116943,2.6728071404899207
1e-06,adam,32,0.1,1000,10,4.998749732971191,4.998828941536524
1e-06,adam,32,0.1,1000,10,4.993927001953125,4.994017073229722
1e-06,adam,32,0.1,1000,10,4.11227560043335,4.124985203571947
1e-06,adam,32,0.1,1000,10,3.972235679626465,3.9756137637966242
1e-06,adam,32,0.1,1000,10,2.604280471801758,2.6815229974941643
1e-06,adam,32,0.1,500,20,5.006545543670654,5.006642506960616
1e-06,adam,32,0.1,500,20,4.9807891845703125,4.980917374096186
1e-06,adam,32,0.1,500,20,4.115268707275391,4.127980629232335
1e-06,adam,32,0.1,500,20,3.9814329147338867,3.984838122211427
1e-06,adam,32,0.1,500,20,2.594444990158081,2.6720177684809894
1e-06,adam,32,0.1,1000,20,4.999270439147949,4.999357563708029
1e-06,adam,32,0.1,1000,20,4.986589431762695,4.98670087258614
1e-06,adam,32,0.1,1000,20,4.1114654541015625,4.124164149823862
1e-06,adam,32,0.1,1000,20,3.9730827808380127,3.976463811283066
1e-06,adam,32,0.1,1000,20,2.592559576034546,2.669903926049534
1e-06,adam,32,0.1,500,30,4.991081237792969,4.9911888687819195
1e-06,adam,32,0.1,500,30,4.996150970458984,4.996238628848843
1e-06,adam,32,0.1,500,30,4.092404365539551,4.105232268254546
1e-06,adam,32,0.1,500,30,3.948118209838867,3.951598947160096
1e-06,adam,32,0.1,500,30,2.587470054626465,2.6650684057334755
1e-06,adam,32,0.1,1000,30,4.983062744140625,4.983186107659369
1e-06,adam,32,0.1,1000,30,4.998470783233643,4.998568711462113
1e-06,adam,32,0.1,1000,30,4.116842269897461,4.129564707356117
1e-06,adam,32,0.1,1000,30,3.9888529777526855,3.992281380760748
1e-06,adam,32,0.1,1000,30,2.5859451293945312,2.663698859580878
1e-06,adam,128,0.001,500,10,5.005763053894043,5.005886618085739
1e-06,adam,128,0.001,500,10,4.992504119873047,4.992609474842403
1e-06,adam,128,0.001,500,10,4.113373756408691,4.1261407835291966
1e-06,adam,128,0.001,500,10,3.96392822265625,3.9673571207415317
1e-06,adam,128,0.001,500,10,2.6061675548553467,2.683223160166183
1e-06,adam,128,0.001,1000,10,5.005631446838379,5.005741827958064
1e-06,adam,128,0.001,1000,10,5.00664758682251,5.0067701281453765
1e-06,adam,128,0.001,1000,10,4.106261253356934,4.118972999197158
1e-06,adam,128,0.001,1000,10,3.9813127517700195,3.9847498100362566
1e-06,adam,128,0.001,1000,10,2.597459554672241,2.674667148737739
1e-06,adam,128,0.001,500,20,5.013132572174072,5.013246536788616
1e-06,adam,128,0.001,500,20,5.011162281036377,5.011280876173023
1e-06,adam,128,0.001,500,20,4.115483283996582,4.1281901652573305
1e-06,adam,128,0.001,500,20,3.9551353454589844,3.958589659305354
1e-06,adam,128,0.001,500,20,2.5939440727233887,2.6713400857432457
1e-06,adam,128,0.001,1000,20,4.9927215576171875,4.992838308211898
1e-06,adam,128,0.001,1000,20,4.983870029449463,4.984006670792771
1e-06,adam,128,0.001,1000,20,4.12209939956665,4.13485488470908
1e-06,adam,128,0.001,1000,20,3.967602252960205,3.971049806365595
1e-06,adam,128,0.001,1000,20,2.5947415828704834,2.672073089216725
1e-06,adam,128,0.001,500,30,5.00609827041626,5.006207237108638
1e-06,adam,128,0.001,500,30,4.991580009460449,4.991689451204923
1e-06,adam,128,0.001,500,30,4.117948532104492,4.130603105969269
1e-06,adam,128,0.001,500,30,3.9448258876800537,3.9483234662283846
1e-06,adam,128,0.001,500,30,2.598909378051758,2.676286413024319
1e-06,adam,128,0.001,1000,30,5.006242275238037,5.006352585254633
1e-06,adam,128,0.001,1000,30,5.022773265838623,5.022953182147326
1e-06,adam,128,0.001,1000,30,4.109517574310303,4.122233301052436
1e-06,adam,128,0.001,1000,30,3.9735190868377686,3.9768864887508646
1e-06,adam,128,0.001,1000,30,2.614887237548828,2.691847810663282
1e-06,adam,128,0.1,500,10,5.0143141746521,5.0144431364681035
1e-06,adam,128,0.1,500,10,4.990031719207764,4.990147420047198
1e-06,adam,128,0.1,500,10,4.084046840667725,4.097022692173616
1e-06,adam,128,0.1,500,10,3.9724411964416504,3.975872467068033
1e-06,adam,128,0.1,500,10,2.60327410697937,2.6802928896890768
1e-06,adam,128,0.1,1000,10,5.009880542755127,5.009994626527749
1e-06,adam,128,0.1,1000,10,4.990970611572266,4.991067345781068
1e-06,adam,128,0.1,1000,10,4.1183085441589355,4.130983809813163
1e-06,adam,128,0.1,1000,10,3.956500768661499,3.95996972775689
1e-06,adam,128,0.1,1000,10,2.608759880065918,2.685730995108851
1e-06,adam,128,0.1,500,20,5.001906394958496,5.002018902400868
1e-06,adam,128,0.1,500,20,5.001619338989258,5.001723945965093
1e-06,adam,128,0.1,500,20,4.096999168395996,4.109801527739766
1e-06,adam,128,0.1,500,20,3.9710693359375,3.974501759714804
1e-06,adam,128,0.1,500,20,2.5846683979034424,2.662386548844388
1e-06,adam,128,0.1,1000,20,4.9885430335998535,4.98865308697572
1e-06,adam,128,0.1,1000,20,4.983791351318359,4.983911761817715
1e-06,adam,128,0.1,1000,20,4.112541198730469,4.125233499102704
1e-06,adam,128,0.1,1000,20,3.9874930381774902,3.990932677976004
1e-06,adam,128,0.1,1000,20,2.6045501232147217,2.6815875465602357
1e-06,adam,128,0.1,500,30,4.974987030029297,4.97513290304431
1e-06,adam,128,0.1,500,30,4.986649036407471,4.986746962065739
1e-06,adam,128,0.1,500,30,4.109831809997559,4.122563654105697
1e-06,adam,128,0.1,500,30,3.965391159057617,3.968839148774207
1e-06,adam,128,0.1,500,30,2.5879242420196533,2.665532665733032
1e-06,adam,128,0.1,1000,30,5.011160850524902,5.011278973117655
1e-06,adam,128,0.1,1000,30,5.000133514404297,5.0002336447485325
1e-06,adam,128,0.1,1000,30,4.132946014404297,4.145693113681024
1e-06,adam,128,0.1,1000,30,3.9806602001190186,3.984075796823397
1e-06,adam,128,0.1,1000,30,2.5878472328186035,2.6655211273025836
1e-06,adam,512,0.001,500,10,4.984858989715576,4.984988183836865
1e-06,adam,512,0.001,500,10,4.979579448699951,4.979718655218569
1e-06,adam,512,0.001,500,10,4.107091426849365,4.119883282684044
1e-06,adam,512,0.001,500,10,3.9510648250579834,3.954538688135686
1e-06,adam,512,0.001,500,10,2.584763765335083,2.6623456238599505
1e-06,adam,512,0.001,1000,10,5.003257751464844,5.00337410568171
1e-06,adam,512,0.001,1000,10,4.984699249267578,4.984832646995753
1e-06,adam,512,0.001,1000,10,4.102970123291016,4.115681845258645
1e-06,adam,512,0.001,1000,10,3.973574161529541,3.9769807307078917
1e-06,adam,512,0.001,1000,10,2.597496747970581,2.6748234949080945
1e-06,adam,512,0.001,500,20,4.980514049530029,4.980629018561031
1e-06,adam,512,0.001,500,20,5.008018970489502,5.008150514808785
1e-06,adam,512,0.001,500,20,4.103734493255615,4.11647493685577
1e-06,adam,512,0.001,500,20,3.9712047576904297,3.974627730493549
1e-06,adam,512,0.001,500,20,2.5832419395446777,2.660840992457064
1e-06,adam,512,0.001,1000,20,4.9925312995910645,4.992657992977175
1e-06,adam,512,0.001,1000,20,5.005113124847412,5.005217500242266
1e-06,adam,512,0.001,1000,20,4.108842849731445,4.121751604409483
1e-06,adam,512,0.001,1000,20,3.9737255573272705,3.9771158549099956
1e-06,adam,512,0.001,1000,20,2.5897204875946045,2.667275557938763
1e-06,adam,512,0.001,500,30,4.983259201049805,4.983371549904194
1e-06,adam,512,0.001,500,30,4.9933762550354,4.99347986438374
1e-06,adam,512,0.001,500,30,4.100131034851074,4.11297101972903
1e-06,adam,512,0.001,500,30,3.98048734664917,3.9839540745412965
1e-06,adam,512,0.001,500,30,2.589294910430908,2.6670674579157616
1e-06,adam,512,0.001,1000,30,5.023425579071045,5.023611584816499
1e-06,adam,512,0.001,1000,30,4.999649524688721,4.999751657040585
1e-06,adam,512,0.001,1000,30,4.119381904602051,4.132152944623864
1e-06,adam,512,0.001,1000,30,3.9533932209014893,3.95687929183638
1e-06,adam,512,0.001,1000,30,2.583811044692993,2.6616596561340358
1e-06,adam,512,0.1,500,10,5.017518997192383,5.0176716369254235
1e-06,adam,512,0.1,500,10,5.0110979080200195,5.011223403582238
1e-06,adam,512,0.1,500,10,4.109888553619385,4.1226154717905805
1e-06,adam,512,0.1,500,10,3.975482225418091,3.9788515588644455
1e-06,adam,512,0.1,500,10,2.6046195030212402,2.681742778035426
1e-06,adam,512,0.1,1000,10,4.992763996124268,4.992872689614882
1e-06,adam,512,0.1,1000,10,5.009561538696289,5.009688337001287
1e-06,adam,512,0.1,1000,10,4.093001842498779,4.105913800508607
1e-06,adam,512,0.1,1000,10,3.992427349090576,3.995901153487456
1e-06,adam,512,0.1,1000,10,2.5877444744110107,2.6653682607461704
1e-06,adam,512,0.1,500,20,4.994503498077393,4.994613034339394
1e-06,adam,512,0.1,500,20,4.995312690734863,4.995412438579877
1e-06,adam,512,0.1,500,20,4.098516941070557,4.111247865160779
1e-06,adam,512,0.1,500,20,3.9651622772216797,3.968568812762462
1e-06,adam,512,0.1,500,20,2.5864715576171875,2.6640244646237794
1e-06,adam,512,0.1,1000,20,5.0226616859436035,5.022866793616571
1e-06,adam,512,0.1,1000,20,4.999795913696289,4.999899100239248
1e-06,adam,512,0.1,1000,20,4.117250442504883,4.129958900080898
1e-06,adam,512,0.1,1000,20,3.980430841445923,3.9838440784445144
1e-06,adam,512,0.1,1000,20,2.608935832977295,2.686064847065383
1e-06,adam,512,0.1,500,30,4.994649887084961,4.994768457554372
1e-06,adam,512,0.1,500,30,4.992650985717773,4.992760758178116
1e-06,adam,512,0.1,500,30,4.101421356201172,4.114190938402922
1e-06,adam,512,0.1,500,30,3.966059446334839,3.969508902012532
1e-06,adam,512,0.1,500,30,2.59906268119812,2.676367212443215
1e-06,adam,512,0.1,1000,30,4.99943208694458,4.999538400323433
1e-06,adam,512,0.1,1000,30,5.023447036743164,5.023644806424244
1e-06,adam,512,0.1,1000,30,4.136183738708496,4.14892460321457
1e-06,adam,512,0.1,1000,30,3.9559919834136963,3.959437460583569
1e-06,adam,512,0.1,1000,30,2.610551357269287,2.687541429067258
1e-06,RMSprop,32,0.001,500,10,4.9992780685424805,4.999373778228477
1e-06,RMSprop,32,0.001,500,10,4.997649192810059,4.997729358075752
1e-06,RMSprop,32,0.001,500,10,4.109225273132324,4.1219274464033315
1e-06,RMSprop,32,0.001,500,10,3.9683187007904053,3.971728551342208
1e-06,RMSprop,32,0.001,500,10,2.6046886444091797,2.6818318587073438
1e-06,RMSprop,32,0.001,1000,10,5.0025248527526855,5.00260876310006
1e-06,RMSprop,32,0.001,1000,10,4.997836589813232,4.997926091191495
1e-06,RMSprop,32,0.001,1000,10,4.107168197631836,4.119975411054696
1e-06,RMSprop,32,0.001,1000,10,3.9677441120147705,3.971165680294838
1e-06,RMSprop,32,0.001,1000,10,2.600097894668579,2.677325840120101
1e-06,RMSprop,32,0.001,500,20,5.01446008682251,5.0145697984036
1e-06,RMSprop,32,0.001,500,20,4.988149166107178,4.98824492510756
1e-06,RMSprop,32,0.001,500,20,4.112260341644287,4.124947518679523
1e-06,RMSprop,32,0.001,500,20,3.956878900527954,3.960316626288426
1e-06,RMSprop,32,0.001,500,20,2.6009109020233154,2.6781091963347343
1e-06,RMSprop,32,0.001,1000,20,5.011585712432861,5.011695724993388
1e-06,RMSprop,32,0.001,1000,20,4.996405601501465,4.996509478036775
1e-06,RMSprop,32,0.001,1000,20,4.141783237457275,4.154532859423463
1e-06,RMSprop,32,0.001,1000,20,3.977778434753418,3.9811942774827047
1e-06,RMSprop,32,0.001,1000,20,2.584085702896118,2.661859849079237
1e-06,RMSprop,32,0.001,500,30,5.013955593109131,5.014090329975938
1e-06,RMSprop,32,0.001,500,30,4.995872497558594,4.9959677649772125
1e-06,RMSprop,32,0.001,500,30,4.111711025238037,4.124513539616104
1e-06,RMSprop,32,0.001,500,30,3.9691178798675537,3.97256166538705
1e-06,RMSprop,32,0.001,500,30,2.5911805629730225,2.668716258923397
1e-06,RMSprop,32,0.001,1000,30,4.987032890319824,4.987137653697631
1e-06,RMSprop,32,0.001,1000,30,5.004612922668457,5.004745901328581
1e-06,RMSprop,32,0.001,1000,30,4.119699954986572,4.1323456527585
1e-06,RMSprop,32,0.001,1000,30,3.9668350219726562,3.970265737330993
1e-06,RMSprop,32,0.001,1000,30,2.604627847671509,2.6819425386535873
1e-06,RMSprop,32,0.1,500,10,4.998985290527344,4.99907752110444
1e-06,RMSprop,32,0.1,500,10,5.004115104675293,5.004217467207679
1e-06,RMSprop,32,0.1,500,10,4.119079113006592,4.131695255633552
1e-06,RMSprop,32,0.1,500,10,3.974839925765991,3.978253497785072
1e-06,RMSprop,32,0.1,500,10,2.593050479888916,2.6704272536279556
1e-06,RMSprop,32,0.1,1000,10,5.000820159912109,5.000916206339798
1e-06,RMSprop,32,0.1,1000,10,5.000561714172363,5.00065932695116
1e-06,RMSprop,32,0.1,1000,10,4.123410701751709,4.136132909340025
1e-06,RMSprop,32,0.1,1000,10,3.9765586853027344,3.9799520439824274
1e-06,RMSprop,32,0.1,1000,10,2.5865638256073,2.6641863573205993
1e-06,RMSprop,32,0.1,500,20,4.996841907501221,4.996938912828048
1e-06,RMSprop,32,0.1,500,20,4.991948127746582,4.992043649812744
1e-06,RMSprop,32,0.1,500,20,4.111955642700195,4.124660824789799
1e-06,RMSprop,32,0.1,500,20,3.9571666717529297,3.9606243664363423
1e-06,RMSprop,32,0.1,500,20,2.5803682804107666,2.658090649312656
1e-06,RMSprop,32,0.1,1000,20,5.004235744476318,5.004329904672534
1e-06,RMSprop,32,0.1,1000,20,5.001804351806641,5.001904697027377
1e-06,RMSprop,32,0.1,1000,20,4.101956367492676,4.114740038756744
1e-06,RMSprop,32,0.1,1000,20,3.9773662090301514,3.98076906278646
1e-06,RMSprop,32,0.1,1000,20,2.598047971725464,2.67535815827048
1e-06,RMSprop,32,0.1,500,30,5.011115074157715,5.011241863393518
1e-06,RMSprop,32,0.1,500,30,5.011214256286621,5.011334732340332
1e-06,RMSprop,32,0.1,500,30,4.099495887756348,4.112286250812091
1e-06,RMSprop,32,0.1,500,30,3.9755547046661377,3.978948031239254
1e-06,RMSprop,32,0.1,500,30,2.60408353805542,2.681292973242912
1e-06,RMSprop,32,0.1,1000,30,5.010671615600586,5.010774257321608
1e-06,RMSprop,32,0.1,1000,30,4.994020938873291,4.994130695140695
1e-06,RMSprop,32,0.1,1000,30,4.112123966217041,4.12484856529855
1e-06,RMSprop,32,0.1,1000,30,3.9485411643981934,3.9520281449833115
1e-06,RMSprop,32,0.1,1000,30,2.592637538909912,2.6699275900633785
1e-06,RMSprop,128,0.001,500,10,4.998713493347168,4.9988213103488555
1e-06,RMSprop,128,0.001,500,10,4.982600688934326,4.98273558247753
1e-06,RMSprop,128,0.001,500,10,4.10756254196167,4.120272383713389
1e-06,RMSprop,128,0.001,500,10,3.976684093475342,3.9800686171861113
1e-06,RMSprop,128,0.001,500,10,2.5959179401397705,2.673423808969637
1e-06,RMSprop,128,0.001,1000,10,5.0142974853515625,5.014432486069449
1e-06,RMSprop,128,0.001,1000,10,4.994266510009766,4.9943634687645515
1e-06,RMSprop,128,0.001,1000,10,4.12141752243042,4.134205805054921
1e-06,RMSprop,128,0.001,1000,10,3.9801242351531982,3.9835123960930083
1e-06,RMSprop,128,0.001,1000,10,2.5860838890075684,2.663647213782671
1e-06,RMSprop,128,0.001,500,20,4.986229419708252,4.986343425603239
1e-06,RMSprop,128,0.001,500,20,4.9986653327941895,4.99875587243634
1e-06,RMSprop,128,0.001,500,20,4.13200569152832,4.14469439071293
1e-06,RMSprop,128,0.001,500,20,3.977590799331665,3.980981196696632
1e-06,RMSprop,128,0.001,500,20,2.5804853439331055,2.658205815747628
1e-06,RMSprop,128,0.001,1000,20,4.994328022003174,4.994433165072976
1e-06,RMSprop,128,0.001,1000,20,4.996906757354736,4.997001320946202
1e-06,RMSprop,128,0.001,1000,20,4.119360446929932,4.131966690017841
1e-06,RMSprop,128,0.001,1000,20,3.973872184753418,3.977316674324091
1e-06,RMSprop,128,0.001,1000,20,2.589494228363037,2.6671083104468294
1e-06,RMSprop,128,0.001,500,30,4.9901580810546875,4.990259792315406
1e-06,RMSprop,128,0.001,500,30,4.996024131774902,4.996119519272382
1e-06,RMSprop,128,0.001,500,30,4.111966133117676,4.124656431744545
1e-06,RMSprop,128,0.001,500,30,3.9629666805267334,3.966405701801592
1e-06,RMSprop,128,0.001,500,30,2.5935771465301514,2.6710622343227506
1e-06,RMSprop,128,0.001,1000,30,4.995495319366455,4.99562300790007
1e-06,RMSprop,128,0.001,1000,30,5.002612113952637,5.0027174240972485
1e-06,RMSprop,128,0.001,1000,30,4.1116228103637695,4.1244173505412025
1e-06,RMSprop,128,0.001,1000,30,3.96992564201355,3.973325959866571
1e-06,RMSprop,128,0.001,1000,30,2.612680196762085,2.689446033033496
1e-06,RMSprop,128,0.1,500,10,4.9927873611450195,4.992901913621273
1e-06,RMSprop,128,0.1,500,10,4.99870491027832,4.998808528083413
1e-06,RMSprop,128,0.1,500,10,4.1177191734313965,4.130491358459025
1e-06,RMSprop,128,0.1,500,10,3.97001051902771,3.973415486000633
1e-06,RMSprop,128,0.1,500,10,2.5971174240112305,2.674296926636765
1e-06,RMSprop,128,0.1,1000,10,5.00398063659668,5.004076249795713
1e-06,RMSprop,128,0.1,1000,10,5.008364200592041,5.008482032806868
1e-06,RMSprop,128,0.1,1000,10,4.115928649902344,4.128634614409088
1e-06,RMSprop,128,0.1,1000,10,3.9755983352661133,3.9790099880402807
1e-06,RMSprop,128,0.1,1000,10,2.5943078994750977,2.67176211826949
1e-06,RMSprop,128,0.1,500,20,4.9903564453125,4.990464846072238
1e-06,RMSprop,128,0.1,500,20,4.985960960388184,4.9860817788246266
1e-06,RMSprop,128,0.1,500,20,4.117346286773682,4.130167181219693
1e-06,RMSprop,128,0.1,500,20,3.9745917320251465,3.9780341462385835
1e-06,RMSprop,128,0.1,500,20,2.60798978805542,2.685088472951024
1e-06,RMSprop,128,0.1,1000,20,4.992593765258789,4.992695813873319
1e-06,RMSprop,128,0.1,1000,20,4.9964680671691895,4.9965787626800235
1e-06,RMSprop,128,0.1,1000,20,4.117300987243652,4.130001619352527
1e-06,RMSprop,128,0.1,1000,20,3.974623441696167,3.9780609964764255
1e-06,RMSprop,128,0.1,1000,20,2.5721683502197266,2.6502694514776777
1e-06,RMSprop,128,0.1,500,30,4.998554706573486,4.998670210434037
1e-06,RMSprop,128,0.1,500,30,4.993827819824219,4.993936104105623
1e-06,RMSprop,128,0.1,500,30,4.100157260894775,4.112862039416522
1e-06,RMSprop,128,0.1,500,30,3.9515960216522217,3.955069082744293
1e-06,RMSprop,128,0.1,500,30,2.586150884628296,2.663785769053714
1e-06,RMSprop,128,0.1,1000,30,4.982422351837158,4.982548968145792
1e-06,RMSprop,128,0.1,1000,30,5.004728317260742,5.004847656126524
1e-06,RMSprop,128,0.1,1000,30,4.112747669219971,4.125381220917106
1e-06,RMSprop,128,0.1,1000,30,3.980717420578003,3.9841304928423944
1e-06,RMSprop,128,0.1,1000,30,2.5837388038635254,2.661410177632519
1e-06,RMSprop,512,0.001,500,10,5.009035587310791,5.009165755082342
1e-06,RMSprop,512,0.001,500,10,5.010525703430176,5.010649022076533
1e-06,RMSprop,512,0.001,500,10,4.090638637542725,4.103442881836796
1e-06,RMSprop,512,0.001,500,10,3.984844446182251,3.988253512085228
1e-06,RMSprop,512,0.001,500,10,2.6014418601989746,2.67851218203462
1e-06,RMSprop,512,0.001,1000,10,4.9837727546691895,4.983897219153788
1e-06,RMSprop,512,0.001,1000,10,4.994046211242676,4.994165258604187
1e-06,RMSprop,512,0.001,1000,10,4.105213642120361,4.117936068097403
1e-06,RMSprop,512,0.001,1000,10,3.951317310333252,3.954815167763145
1e-06,RMSprop,512,0.001,1000,10,2.5951449871063232,2.6725321179164836
1e-06,RMSprop,512,0.001,500,20,4.985422611236572,4.985553661886687
1e-06,RMSprop,512,0.001,500,20,4.98410701751709,4.9842257581987
1e-06,RMSprop,512,0.001,500,20,4.12558126449585,4.13826791142897
1e-06,RMSprop,512,0.001,500,20,3.967421293258667,3.970850591365194
1e-06,RMSprop,512,0.001,500,20,2.5991973876953125,2.6765115228665377
1e-06,RMSprop,512,0.001,1000,20,4.998637676239014,4.998729925971469
1e-06,RMSprop,512,0.001,1000,20,4.9782538414001465,4.978391877017351
1e-06,RMSprop,512,0.001,1000,20,4.11698579788208,4.1296884883860665
1e-06,RMSprop,512,0.001,1000,20,3.981132984161377,3.9845613323847386
1e-06,RMSprop,512,0.001,1000,20,2.592655658721924,2.6700675160018976
1e-06,RMSprop,512,0.001,500,30,4.9838480949401855,4.983981412935576
1e-06,RMSprop,512,0.001,500,30,4.9785261154174805,4.978646457370251
1e-06,RMSprop,512,0.001,500,30,4.117447376251221,4.130114303743579
1e-06,RMSprop,512,0.001,500,30,3.950388193130493,3.9538971520006223
1e-06,RMSprop,512,0.001,500,30,2.584277391433716,2.6618661188612043
1e-06,RMSprop,512,0.001,1000,30,4.988670825958252,4.988780977195504
1e-06,RMSprop,512,0.001,1000,30,4.9917073249816895,4.991815926300311
1e-06,RMSprop,512,0.001,1000,30,4.100478649139404,4.1132967840845085
1e-06,RMSprop,512,0.001,1000,30,3.9853079319000244,3.9887355504600586
1e-06,RMSprop,512,0.001,1000,30,2.5928468704223633,2.6703352925514796
1e-06,RMSprop,512,0.1,500,10,4.979966640472412,4.98010587679292
1e-06,RMSprop,512,0.1,500,10,5.008882522583008,5.008992881740905
1e-06,RMSprop,512,0.1,500,10,4.11021614074707,4.122904389709936
1e-06,RMSprop,512,0.1,500,10,3.9588451385498047,3.9622885903361342
1e-06,RMSprop,512,0.1,500,10,2.6052849292755127,2.6824050336169925
1e-06,RMSprop,512,0.1,1000,10,4.995936870574951,4.996036866246734
1e-06,RMSprop,512,0.1,1000,10,4.988073825836182,4.988180113195073
1e-06,RMSprop,512,0.1,1000,10,4.114679336547852,4.127302740825867
1e-06,RMSprop,512,0.1,1000,10,3.9822893142700195,3.9857009177464757
1e-06,RMSprop,512,0.1,1000,10,2.6018290519714355,2.6791339447095712
1e-06,RMSprop,512,0.1,500,20,4.999195098876953,4.999317313318206
1e-06,RMSprop,512,0.1,500,20,4.998692512512207,4.998797272031555
1e-06,RMSprop,512,0.1,500,20,4.095020771026611,4.107839087004465
1e-06,RMSprop,512,0.1,500,20,3.946376323699951,3.949908127500973
1e-06,RMSprop,512,0.1,500,20,2.57547664642334,2.6535642621970963
1e-06,RMSprop,512,0.1,1000,20,4.997238636016846,4.997345601263903
1e-06,RMSprop,512,0.1,1000,20,5.003452301025391,5.003558037320734
1e-06,RMSprop,512,0.1,1000,20,4.10866117477417,4.121312660803072
1e-06,RMSprop,512,0.1,1000,20,3.9734678268432617,3.9768669446557556
1e-06,RMSprop,512,0.1,1000,20,2.608436346054077,2.6856245549845
1e-06,RMSprop,512,0.1,500,30,5.000792503356934,5.000905145732253
1e-06,RMSprop,512,0.1,500,30,5.00566291809082,5.005789266237494
1e-06,RMSprop,512,0.1,500,30,4.110779285430908,4.123518012888061
1e-06,RMSprop,512,0.1,500,30,3.961237907409668,3.964631113448344
1e-06,RMSprop,512,0.1,500,30,2.5900321006774902,2.6675349451151797
1e-06,RMSprop,512,0.1,1000,30,5.001230239868164,5.001330580096774
1e-06,RMSprop,512,0.1,1000,30,4.99704122543335,4.997146936857563
1e-06,RMSprop,512,0.1,1000,30,4.111405372619629,4.124198604533816
1e-06,RMSprop,512,0.1,1000,30,3.9510717391967773,3.9545473698658227
1e-06,RMSprop,512,0.1,1000,30,2.588463306427002,2.6661502119474134
1e-05,adam,32,0.001,500,10,4.97812032699585,4.9782301954516175
1e-05,adam,32,0.001,500,10,4.987826347351074,4.987930416952541
1e-05,adam,32,0.001,500,10,4.097892761230469,4.110689018392491
1e-05,adam,32,0.001,500,10,3.9595398902893066,3.9629670310139864
1e-05,adam,32,0.001,500,10,2.5684707164764404,2.6467256217879496
1e-05,adam,32,0.001,1000,10,4.977330207824707,4.977454663946285
1e-05,adam,32,0.001,1000,10,4.9844279289245605,4.984529020506794
1e-05,adam,32,0.001,1000,10,4.115293502807617,4.128006273131816
1e-05,adam,32,0.001,1000,10,3.964308023452759,3.96769712404307
1e-05,adam,32,0.001,1000,10,2.5879781246185303,2.665430785926855
1e-05,adam,32,0.001,500,20,4.96199893951416,4.962134221430748
1e-05,adam,32,0.001,500,20,4.952887058258057,4.953070125817385
1e-05,adam,32,0.001,500,20,4.081541061401367,4.094277384326163
1e-05,adam,32,0.001,500,20,3.922992467880249,3.9265907174252845
1e-05,adam,32,0.001,500,20,2.5677826404571533,2.6459421651088815
1e-05,adam,32,0.001,1000,20,4.988786697387695,4.988877705139297
1e-05,adam,32,0.001,1000,20,4.965585231781006,4.9657311055470625
1e-05,adam,32,0.001,1000,20,4.086648941040039,4.099447464346805
1e-05,adam,32,0.001,1000,20,3.937366008758545,3.9408455819477166
1e-05,adam,32,0.001,1000,20,2.585588216781616,2.663271610402583
1e-05,adam,32,0.001,500,30,4.947010040283203,4.947191408777612
1e-05,adam,32,0.001,500,30,4.943331241607666,4.943506570988576
1e-05,adam,32,0.001,500,30,4.079099655151367,4.0919865894265675
1e-05,adam,32,0.001,500,30,3.9210503101348877,3.9245670395674326
1e-05,adam,32,0.001,500,30,2.5253865718841553,2.6051597125979264
1e-05,adam,32,0.001,1000,30,4.969189643859863,4.969309841261854
1e-05,adam,32,0.001,1000,30,4.97597599029541,4.976074003141554
1e-05,adam,32,0.001,1000,30,4.089051246643066,4.101746415147431
1e-05,adam,32,0.001,1000,30,3.953118085861206,3.9565134114443445
1e-05,adam,32,0.001,1000,30,2.5700485706329346,2.6482717636598396
1e-05,adam,32,0.1,500,10,4.959292888641357,4.959485515860617
1e-05,adam,32,0.1,500,10,4.984803676605225,4.984896737179887
1e-05,adam,32,0.1,500,10,4.101443767547607,4.114174944090377
1e-05,adam,32,0.1,500,10,3.953429937362671,3.956832293284639
1e-05,adam,32,0.1,500,10,2.594870090484619,2.672244843880469
1e-05,adam,32,0.1,1000,10,4.997492790222168,4.997589483943676
1e-05,adam,32,0.1,1000,10,4.985957145690918,4.986050793428446
1e-05,adam,32,0.1,1000,10,4.0896477699279785,4.1024522379454975
1e-05,adam,32,0.1,1000,10,3.944965362548828,3.9484920568889876
1e-05,adam,32,0.1,1000,10,2.594841957092285,2.672076836709015
1e-05,adam,32,0.1,500,20,4.955523490905762,4.955676651992295
1e-05,adam,32,0.1,500,20,4.97434139251709,4.9744427776260505
1e-05,adam,32,0.1,500,20,4.071094512939453,4.084021036794435
1e-05,adam,32,0.1,500,20,3.9502310752868652,3.9536276034170776
1e-05,adam,32,0.1,500,20,2.538536310195923,2.617998959587013
1e-05,adam,32,0.1,1000,20,4.973224639892578,4.973339911823848
1e-05,adam,32,0.1,1000,20,4.985414505004883,4.985498762059232
1e-05,adam,32,0.1,1000,20,4.094421863555908,4.107202456024114
1e-05,adam,32,0.1,1000,20,3.938187599182129,3.941673730974272
1e-05,adam,32,0.1,1000,20,2.5704705715179443,2.648487822018007
1e-05,adam,32,0.1,500,30,4.917658805847168,4.9180788932265
1e-05,adam,32,0.1,500,30,4.933822154998779,4.934037745077416
1e-05,adam,32,0.1,500,30,4.071046829223633,4.083951215641328
1e-05,adam,32,0.1,500,30,3.899883985519409,3.9035871050460917
1e-05,adam,32,0.1,500,30,2.5259058475494385,2.605935393814167
1e-05,adam,32,0.1,1000,30,4.963726997375488,4.96385498765838
1e-05,adam,32,0.1,1000,30,4.964987277984619,4.9651228423350755
1e-05,adam,32,0.1,1000,30,4.08906888961792,4.1017331623720645
1e-05,adam,32,0.1,1000,30,3.9506521224975586,3.954115189490905
1e-05,adam,32,0.1,1000,30,2.5750441551208496,2.6529914166325668
1e-05,adam,128,0.001,500,10,4.983511447906494,4.9836321908054595
1e-05,adam,128,0.001,500,10,4.940819263458252,4.941141451650099
1e-05,adam,128,0.001,500,10,4.0894598960876465,4.102232553155174
1e-05,adam,128,0.001,500,10,3.934645175933838,3.938130525029043
1e-05,adam,128,0.001,500,10,2.580287456512451,2.658016649554299
1e-05,adam,128,0.001,1000,10,4.974514961242676,4.974647141407977
1e-05,adam,128,0.001,1000,10,4.98647928237915,4.986583830167511
1e-05,adam,128,0.001,1000,10,4.086197853088379,4.099081280749554
1e-05,adam,128,0.001,1000,10,3.9637362957000732,3.967145580477437
1e-05,adam,128,0.001,1000,10,2.584728717803955,2.66238422052517
1e-05,adam,128,0.001,500,20,4.957772731781006,4.9578878806340985
1e-05,adam,128,0.001,500,20,4.93677282333374,4.936966879347423
1e-05,adam,128,0.001,500,20,4.0707478523254395,4.083658374123959
1e-05,adam,128,0.001,500,20,3.9354493618011475,3.938925712053438
1e-05,adam,128,0.001,500,20,2.537689685821533,2.6168150679506406
1e-05,adam,128,0.001,1000,20,4.97147798538208,4.971587516486261
1e-05,adam,128,0.001,1000,20,4.977100849151611,4.9772126687853495
1e-05,adam,128,0.001,1000,20,4.083497524261475,4.096268672580433
1e-05,adam,128,0.001,1000,20,3.9540677070617676,3.957470461843002
1e-05,adam,128,0.001,1000,20,2.538022756576538,2.617232866036386
1e-05,adam,128,0.001,500,30,4.93187952041626,4.932031427894322
1e-05,adam,128,0.001,500,30,4.935727119445801,4.9358834626276
1e-05,adam,128,0.001,500,30,4.045008182525635,4.0579705443688034
1e-05,adam,128,0.001,500,30,3.9138779640197754,3.9173812349644077
1e-05,adam,128,0.001,500,30,2.5083694458007812,2.588576338988007
1e-05,adam,128,0.001,1000,30,4.955647945404053,4.955761325215329
1e-05,adam,128,0.001,1000,30,4.950340747833252,4.950486692912537
1e-05,adam,128,0.001,1000,30,4.068525314331055,4.081342224668056
1e-05,adam,128,0.001,1000,30,3.9218859672546387,3.925412228069597
1e-05,adam,128,0.001,1000,30,2.558314800262451,2.636851125149308
1e-05,adam,128,0.1,500,10,4.972204208374023,4.9723186992659985
1e-05,adam,128,0.1,500,10,4.959932804107666,4.960109467375164
1e-05,adam,128,0.1,500,10,4.096520900726318,4.109274975389729
1e-05,adam,128,0.1,500,10,3.952470064163208,3.955913660779331
1e-05,adam,128,0.1,500,10,2.583878755569458,2.6616377997062166
1e-05,adam,128,0.1,1000,10,4.992061138153076,4.992160182155793
1e-05,adam,128,0.1,1000,10,4.985503673553467,4.985596892684242
1e-05,adam,128,0.1,1000,10,4.121249198913574,4.134005801554366
1e-05,adam,128,0.1,1000,10,3.967076301574707,3.970467984076089
1e-05,adam,128,0.1,1000,10,2.5999906063079834,2.6774157801328857
1e-05,adam,128,0.1,500,20,4.9478607177734375,4.948009075171892
1e-05,adam,128,0.1,500,20,4.939324378967285,4.9395457991009675
1e-05,adam,128,0.1,500,20,4.067197322845459,4.080217197471238
1e-05,adam,128,0.1,500,20,3.9151713848114014,3.9187343225971665
1e-05,adam,128,0.1,500,20,2.5536293983459473,2.6322757162424266
1e-05,adam,128,0.1,1000,20,4.975576400756836,4.975699117793944
1e-05,adam,128,0.1,1000,20,4.9619245529174805,4.962063494877636
1e-05,adam,128,0.1,1000,20,4.100108623504639,4.112954788801667
1e-05,adam,128,0.1,1000,20,3.933228015899658,3.9367203924618894
1e-05,adam,128,0.1,1000,20,2.5718483924865723,2.6498992396938013
1e-05,adam,128,0.1,500,30,4.910611152648926,4.910877353883692
1e-05,adam,128,0.1,500,30,4.9009552001953125,4.901314555187872
1e-05,adam,128,0.1,500,30,4.049347877502441,4.062362903335747
1e-05,adam,128,0.1,500,30,3.8779489994049072,3.8817295582908007
1e-05,adam,128,0.1,500,30,2.5156991481781006,2.5955497288783675
1e-05,adam,128,0.1,1000,30,4.944797992706299,4.944946082643764
1e-05,adam,128,0.1,1000,30,4.965399265289307,4.96552483833945
1e-05,adam,128,0.1,1000,30,4.0537919998168945,4.06691466862473
1e-05,adam,128,0.1,1000,30,3.929783344268799,3.933238796671342
1e-05,adam,128,0.1,1000,30,2.5638065338134766,2.6421521527922343
1e-05,adam,512,0.001,500,10,4.980793476104736,4.980930968134991
1e-05,adam,512,0.001,500,10,4.9599738121032715,4.960099469387265
1e-05,adam,512,0.001,500,10,4.08420991897583,4.097026416532321
1e-05,adam,512,0.001,500,10,3.955498695373535,3.958992203872686
1e-05,adam,512,0.001,500,10,2.5580973625183105,2.6364182590637726
1e-05,adam,512,0.001,1000,10,4.960997581481934,4.9611397288997985
1e-05,adam,512,0.001,1000,10,4.967159748077393,4.967302987387206
1e-05,adam,512,0.001,1000,10,4.087983131408691,4.100730012241818
1e-05,adam,512,0.001,1000,10,3.929304361343384,3.932861866146702
1e-05,adam,512,0.001,1000,10,2.568190813064575,2.6464201409121233
1e-05,adam,512,0.001,500,20,4.9252190589904785,4.925375429357359
1e-05,adam,512,0.001,500,20,4.913393020629883,4.913604084217159
1e-05,adam,512,0.001,500,20,4.0578389167785645,4.070766548121697
1e-05,adam,512,0.001,500,20,3.909003734588623,3.9125006142515244
1e-05,adam,512,0.001,500,20,2.514240026473999,2.5942299640047595
1e-05,adam,512,0.001,1000,20,4.950988292694092,4.951130462413101
1e-05,adam,512,0.001,1000,20,4.98001766204834,4.980164857456657
1e-05,adam,512,0.001,1000,20,4.07208776473999,4.084960587310229
1e-05,adam,512,0.001,1000,20,3.92457914352417,3.92805110160855
1e-05,adam,512,0.001,1000,20,2.5675833225250244,2.6458864782407625
1e-05,adam,512,0.001,500,30,4.865052700042725,4.865345320016639
1e-05,adam,512,0.001,500,30,4.858991622924805,4.8593143569743935
1e-05,adam,512,0.001,500,30,4.001323223114014,4.014543558401105
1e-05,adam,512,0.001,500,30,3.7960402965545654,3.8003842812029487
1e-05,adam,512,0.001,500,30,2.469928026199341,2.55151496838263
1e-05,adam,512,0.001,1000,30,4.9385175704956055,4.938663393891516
1e-05,adam,512,0.001,1000,30,4.938426971435547,4.938581710338747
1e-05,adam,512,0.001,1000,30,4.063857078552246,4.076827855098547
1e-05,adam,512,0.001,1000,30,3.89788556098938,3.9014348985050296
1e-05,adam,512,0.001,1000,30,2.5227105617523193,2.602509563915844
1e-05,adam,512,0.1,500,10,4.942271709442139,4.942445234150615
1e-05,adam,512,0.1,500,10,4.975082874298096,4.975195584693835
1e-05,adam,512,0.1,500,10,4.064762592315674,4.0777073204150875
1e-05,adam,512,0.1,500,10,3.9359774589538574,3.939443441671292
1e-05,adam,512,0.1,500,10,2.569312810897827,2.64727496623541
1e-05,adam,512,0.1,1000,10,4.984442710876465,4.984562502595906
1e-05,adam,512,0.1,1000,10,4.968639373779297,4.968766314401774
1e-05,adam,512,0.1,1000,10,4.094361782073975,4.107169251919869
1e-05,adam,512,0.1,1000,10,3.956784248352051,3.9602333059845845
1e-05,adam,512,0.1,1000,10,2.596571445465088,2.673921481746548
1e-05,adam,512,0.1,500,20,4.927001476287842,4.927158777198342
1e-05,adam,512,0.1,500,20,4.902457237243652,4.902771512400676
1e-05,adam,512,0.1,500,20,4.044534206390381,4.057504957646169
1e-05,adam,512,0.1,500,20,3.870826005935669,3.874596728598363
1e-05,adam,512,0.1,500,20,2.5204362869262695,2.599915587448779
1e-05,adam,512,0.1,1000,20,4.974195957183838,4.974350753669491
1e-05,adam,512,0.1,1000,20,4.950595855712891,4.95072614179523
1e-05,adam,512,0.1,1000,20,4.058840751647949,4.0718841154475145
1e-05,adam,512,0.1,1000,20,3.9241232872009277,3.927613091931861
1e-05,adam,512,0.1,1000,20,2.5519964694976807,2.6307304141149217
1e-05,adam,512,0.1,500,30,4.864293575286865,4.864613153773305
1e-05,adam,512,0.1,500,30,4.861250400543213,4.861615710030125
1e-05,adam,512,0.1,500,30,3.9637324810028076,3.9774296083101834
1e-05,adam,512,0.1,500,30,3.83725643157959,3.840992752731784
1e-05,adam,512,0.1,500,30,2.432812452316284,2.5157889555582145
1e-05,adam,512,0.1,1000,30,4.916296005249023,4.916499032648853
1e-05,adam,512,0.1,1000,30,4.932201862335205,4.932355687639987
1e-05,adam,512,0.1,1000,30,4.044516563415527,4.057558546319637
1e-05,adam,512,0.1,1000,30,3.879345178604126,3.883020161346744
1e-05,adam,512,0.1,1000,30,2.5133559703826904,2.5934351534659883
1e-05,RMSprop,32,0.001,500,10,4.979240894317627,4.979346917160477
1e-05,RMSprop,32,0.001,500,10,4.986900806427002,4.987005323004459
1e-05,RMSprop,32,0.001,500,10,4.114401817321777,4.127083454520416
1e-05,RMSprop,32,0.001,500,10,3.966277837753296,3.969636112322868
1e-05,RMSprop,32,0.001,500,10,2.5825912952423096,2.6602454261564805
1e-05,RMSprop,32,0.001,1000,10,4.99685525894165,4.996961242427761
1e-05,RMSprop,32,0.001,1000,10,4.98513126373291,4.985216793140432
1e-05,RMSprop,32,0.001,1000,10,4.09604024887085,4.108864175935264
1e-05,RMSprop,32,0.001,1000,10,3.959656000137329,3.963099625041047
1e-05,RMSprop,32,0.001,1000,10,2.580716371536255,2.658514247067631
1e-05,RMSprop,32,0.001,500,20,4.975471019744873,4.975576833130777
1e-05,RMSprop,32,0.001,500,20,4.957677364349365,4.957829212024701
1e-05,RMSprop,32,0.001,500,20,4.073528289794922,4.086452356872674
1e-05,RMSprop,32,0.001,500,20,3.938446283340454,3.941933814922938
1e-05,RMSprop,32,0.001,500,20,2.5541622638702393,2.633021496364468
1e-05,RMSprop,32,0.001,1000,20,4.976146221160889,4.976265843051661
1e-05,RMSprop,32,0.001,1000,20,4.964915752410889,4.965079433270582
1e-05,RMSprop,32,0.001,1000,20,4.092249393463135,4.10504595378844
1e-05,RMSprop,32,0.001,1000,20,3.96578311920166,3.969239933080678
1e-05,RMSprop,32,0.001,1000,20,2.573796272277832,2.6517383631762623
1e-05,RMSprop,32,0.001,500,30,4.962765693664551,4.962873714798031
1e-05,RMSprop,32,0.001,500,30,4.935115814208984,4.935348041787844
1e-05,RMSprop,32,0.001,500,30,4.054721832275391,4.067839883719623
1e-05,RMSprop,32,0.001,500,30,3.9239611625671387,3.9275021249630604
1e-05,RMSprop,32,0.001,500,30,2.5391316413879395,2.6182449254344005
1e-05,RMSprop,32,0.001,1000,30,4.955935001373291,4.95613560201805
1e-05,RMSprop,32,0.001,1000,30,4.96538782119751,4.965525414516767
1e-05,RMSprop,32,0.001,1000,30,4.0807881355285645,4.093674054788156
1e-05,RMSprop,32,0.001,1000,30,3.9439749717712402,3.94741179258378
1e-05,RMSprop,32,0.001,1000,30,2.5679502487182617,2.6462158066851873
1e-05,RMSprop,32,0.1,500,10,4.973049163818359,4.973190722393794
1e-05,RMSprop,32,0.1,500,10,4.97060489654541,4.970746101238578
1e-05,RMSprop,32,0.1,500,10,4.104074478149414,4.116765907316632
1e-05,RMSprop,32,0.1,500,10,3.9560694694519043,3.9594982775349514
1e-05,RMSprop,32,0.1,500,10,2.5669798851013184,2.6451207099873635
1e-05,RMSprop,32,0.1,1000,10,4.982163429260254,4.9822626211808645
1e-05,RMSprop,32,0.1,1000,10,4.9901018142700195,4.990222717390982
1e-05,RMSprop,32,0.1,1000,10,4.094259262084961,4.107057331213554
1e-05,RMSprop,32,0.1,1000,10,3.95070481300354,3.954198759301809
1e-05,RMSprop,32,0.1,1000,10,2.5858702659606934,2.6634093795665064
1e-05,RMSprop,32,0.1,500,20,4.968470096588135,4.968586277213691
1e-05,RMSprop,32,0.1,500,20,4.9652180671691895,4.965345067751657
1e-05,RMSprop,32,0.1,500,20,4.086478233337402,4.099243903805401
1e-05,RMSprop,32,0.1,500,20,3.9433090686798096,3.9467869788810543
1e-05,RMSprop,32,0.1,500,20,2.569526195526123,2.6476012403458453
1e-05,RMSprop,32,0.1,1000,20,4.9875712394714355,4.987692562965478
1e-05,RMSprop,32,0.1,1000,20,4.992102146148682,4.992199344053829
1e-05,RMSprop,32,0.1,1000,20,4.098483085632324,4.111154149377205
1e-05,RMSprop,32,0.1,1000,20,3.9607701301574707,3.964209294411058
1e-05,RMSprop,32,0.1,1000,20,2.577132225036621,2.6550560455728722
1e-05,RMSprop,32,0.1,500,30,4.9268107414245605,4.927149873678042
1e-05,RMSprop,32,0.1,500,30,4.946752548217773,4.9469303901545025
1e-05,RMSprop,32,0.1,500,30,4.066194534301758,4.079114304317842
1e-05,RMSprop,32,0.1,500,30,3.9445550441741943,3.94798022431249
1e-05,RMSprop,32,0.1,500,30,2.554333448410034,2.632847364064647
1e-05,RMSprop,32,0.1,1000,30,4.960241794586182,4.960381712530679
1e-05,RMSprop,32,0.1,1000,30,4.986608982086182,4.986702402534207
1e-05,RMSprop,32,0.1,1000,30,4.097002029418945,4.109811737872181
1e-05,RMSprop,32,0.1,1000,30,3.951127052307129,3.9545327797251106
1e-05,RMSprop,32,0.1,1000,30,2.5621185302734375,2.6403221543585143
1e-05,RMSprop,128,0.001,500,10,4.990492343902588,4.990598231597943
1e-05,RMSprop,128,0.001,500,10,4.973816871643066,4.973937008264441
1e-05,RMSprop,128,0.001,500,10,4.108761310577393,4.121491529602951
1e-05,RMSprop,128,0.001,500,10,3.9433467388153076,3.9468398961720785
1e-05,RMSprop,128,0.001,500,10,2.5725555419921875,2.6507401710248155
1e-05,RMSprop,128,0.001,1000,10,4.987814903259277,4.987916650793073
1e-05,RMSprop,128,0.001,1000,10,4.994622707366943,4.994723205839749
1e-05,RMSprop,128,0.001,1000,10,4.093594074249268,4.10643939041636
1e-05,RMSprop,128,0.001,1000,10,3.9546427726745605,3.958117562821155
1e-05,RMSprop,128,0.001,1000,10,2.5941877365112305,2.6714794914690705
1e-05,RMSprop,128,0.001,500,20,4.9306817054748535,4.9309989526856235
1e-05,RMSprop,128,0.001,500,20,4.9603681564331055,4.960501872482692
1e-05,RMSprop,128,0.001,500,20,4.058244228363037,4.071293864495549
1e-05,RMSprop,128,0.001,500,20,3.9076414108276367,3.9112925217079653
1e-05,RMSprop,128,0.001,500,20,2.5460572242736816,2.6249395091035215
1e-05,RMSprop,128,0.001,1000,20,4.990609169006348,4.990714224422055
1e-05,RMSprop,128,0.001,1000,20,4.961766719818115,4.961943180544607
1e-05,RMSprop,128,0.001,1000,20,4.071865558624268,4.084792492754351
1e-05,RMSprop,128,0.001,1000,20,3.9328393936157227,3.936345248967293
1e-05,RMSprop,128,0.001,1000,20,2.5723187923431396,2.650320728254595
1e-05,RMSprop,128,0.001,500,30,4.933876037597656,4.9340445100394845
1e-05,RMSprop,128,0.001,500,30,4.933793544769287,4.9339770532885465
1e-05,RMSprop,128,0.001,500,30,4.043275833129883,4.056405528515064
1e-05,RMSprop,128,0.001,500,30,3.8901853561401367,3.893882643888046
1e-05,RMSprop,128,0.001,500,30,2.4880988597869873,2.5692732080901903
1e-05,RMSprop,128,0.001,1000,30,4.963817119598389,4.963951624951968
1e-05,RMSprop,128,0.001,1000,30,4.9441046714782715,4.944328511530321
1e-05,RMSprop,128,0.001,1000,30,4.088854789733887,4.101661317634014
1e-05,RMSprop,128,0.001,1000,30,3.9260811805725098,3.929544920259148
1e-05,RMSprop,128,0.001,1000,30,2.5761020183563232,2.6539834618531057
1e-05,RMSprop,128,0.1,500,10,4.965726852416992,4.965878022495293
1e-05,RMSprop,128,0.1,500,10,4.9817023277282715,4.981803589503959
1e-05,RMSprop,128,0.1,500,10,4.083034515380859,4.095947141932126
1e-05,RMSprop,128,0.1,500,10,3.9470386505126953,3.9504929778144438
1e-05,RMSprop,128,0.1,500,10,2.57332444190979,2.6514036060171473
1e-05,RMSprop,128,0.1,1000,10,4.975346088409424,4.975491538757361
1e-05,RMSprop,128,0.1,1000,10,4.990659713745117,4.990762569893777
1e-05,RMSprop,128,0.1,1000,10,4.104305744171143,4.117097162345025
1e-05,RMSprop,128,0.1,1000,10,3.9639699459075928,3.9673640917628026
1e-05,RMSprop,128,0.1,1000,10,2.585873603820801,2.663487347131132
1e-05,RMSprop,128,0.1,500,20,4.963288307189941,4.963396751420515
1e-05,RMSprop,128,0.1,500,20,4.970348834991455,4.9704617604710215
1e-05,RMSprop,128,0.1,500,20,4.028548717498779,4.04207299670822
1e-05,RMSprop,128,0.1,500,20,3.939539670944214,3.9429458015851906
1e-05,RMSprop,128,0.1,500,20,2.549807548522949,2.628766763282689
1e-05,RMSprop,128,0.1,1000,20,4.956551551818848,4.956743813696562
1e-05,RMSprop,128,0.1,1000,20,4.973223686218262,4.973346048054196
1e-05,RMSprop,128,0.1,1000,20,4.086665153503418,4.099532607815074
1e-05,RMSprop,128,0.1,1000,20,3.94415020942688,3.9476193170954414
1e-05,RMSprop,128,0.1,1000,20,2.5475497245788574,2.6265239833025094
1e-05,RMSprop,128,0.1,500,30,4.948180198669434,4.948292393389222
1e-05,RMSprop,128,0.1,500,30,4.939512729644775,4.939671678636609
1e-05,RMSprop,128,0.1,500,30,4.028841018676758,4.042129149308862
1e-05,RMSprop,128,0.1,500,30,3.915611505508423,3.9190719739919424
1e-05,RMSprop,128,0.1,500,30,2.521951675415039,2.6017226894422834
1e-05,RMSprop,128,0.1,1000,30,4.940469741821289,4.940728399653296
1e-05,RMSprop,128,0.1,1000,30,4.9513750076293945,4.951565373601348
1e-05,RMSprop,128,0.1,1000,30,4.0704874992370605,4.083363643196393
1e-05,RMSprop,128,0.1,1000,30,3.905357599258423,3.9091282120955144
1e-05,RMSprop,128,0.1,1000,30,2.572232723236084,2.6504781507574857
1e-05,RMSprop,512,0.001,500,10,4.98199462890625,4.982110827646269
1e-05,RMSprop,512,0.001,500,10,4.964023590087891,4.964151425716324
1e-05,RMSprop,512,0.001,500,10,4.072986125946045,4.085867478188249
1e-05,RMSprop,512,0.001,500,10,3.961143732070923,3.964605856086606
1e-05,RMSprop,512,0.001,500,10,2.5766468048095703,2.6544293615470567
1e-05,RMSprop,512,0.001,1000,10,4.99005651473999,4.990154873388239
1e-05,RMSprop,512,0.001,1000,10,4.981941223144531,4.982047467312283
1e-05,RMSprop,512,0.001,1000,10,4.083014488220215,4.095819547105459
1e-05,RMSprop,512,0.001,1000,10,3.9366750717163086,3.94018898835018
1e-05,RMSprop,512,0.001,1000,10,2.5761890411376953,2.6540039439800887
1e-05,RMSprop,512,0.001,500,20,4.929275035858154,4.929505261711782
1e-05,RMSprop,512,0.001,500,20,4.939049243927002,4.939222204467766
1e-05,RMSprop,512,0.001,500,20,4.02712869644165,4.040548084586117
1e-05,RMSprop,512,0.001,500,20,3.9285755157470703,3.9320687270808614
1e-05,RMSprop,512,0.001,500,20,2.5344736576080322,2.613701437339821
1e-05,RMSprop,512,0.001,1000,20,4.969952583312988,4.970089138160378
1e-05,RMSprop,512,0.001,1000,20,4.966498374938965,4.966616958437687
1e-05,RMSprop,512,0.001,1000,20,4.074435710906982,4.08740091466235
1e-05,RMSprop,512,0.001,1000,20,3.94958758354187,3.95304647375224
1e-05,RMSprop,512,0.001,1000,20,2.5660696029663086,2.6442414749035494
1e-05,RMSprop,512,0.001,500,30,4.901033878326416,4.901294319324098
1e-05,RMSprop,512,0.001,500,30,4.911869049072266,4.912111898918337
1e-05,RMSprop,512,0.001,500,30,3.9935967922210693,4.0070607333587045
1e-05,RMSprop,512,0.001,500,30,3.870391368865967,3.8741780301427453
1e-05,RMSprop,512,0.001,500,30,2.4761452674865723,2.5575373907702676
1e-05,RMSprop,512,0.001,1000,30,4.951566696166992,4.951702888499236
1e-05,RMSprop,512,0.001,1000,30,4.957026481628418,4.957160148417695
1e-05,RMSprop,512,0.001,1000,30,4.066799163818359,4.079681684007009
1e-05,RMSprop,512,0.001,1000,30,3.927873134613037,3.9313674884942826
1e-05,RMSprop,512,0.001,1000,30,2.5376620292663574,2.616926037837563
1e-05,RMSprop,512,0.1,500,10,4.9803009033203125,4.98043275109539
1e-05,RMSprop,512,0.1,500,10,4.967304706573486,4.967424707787634
1e-05,RMSprop,512,0.1,500,10,4.078341960906982,4.091197142430017
1e-05,RMSprop,512,0.1,500,10,3.9269449710845947,3.9304910676216793
1e-05,RMSprop,512,0.1,500,10,2.5719733238220215,2.650293110885737
1e-05,RMSprop,512,0.1,1000,10,5.000805854797363,5.000930318113906
1e-05,RMSprop,512,0.1,1000,10,4.990649223327637,4.990772506454451
1e-05,RMSprop,512,0.1,1000,10,4.116441249847412,4.129191494330407
1e-05,RMSprop,512,0.1,1000,10,3.9598982334136963,3.9633495202360924
1e-05,RMSprop,512,0.1,1000,10,2.5520288944244385,2.63084759387442
1e-05,RMSprop,512,0.1,500,20,4.933567047119141,4.933787434959997
1e-05,RMSprop,512,0.1,500,20,4.938236713409424,4.938408490391287
1e-05,RMSprop,512,0.1,500,20,4.063675403594971,4.076666209318853
1e-05,RMSprop,512,0.1,500,20,3.922111749649048,3.9255997800874773
1e-05,RMSprop,512,0.1,500,20,2.5404059886932373,2.6193723753850224
1e-05,RMSprop,512,0.1,1000,20,4.9299187660217285,4.930280018063736
1e-05,RMSprop,512,0.1,1000,20,4.941311359405518,4.941572803208426
1e-05,RMSprop,512,0.1,1000,20,4.096279621124268,4.109109964272839
1e-05,RMSprop,512,0.1,1000,20,3.956331253051758,3.9597522534794454
1e-05,RMSprop,512,0.1,1000,20,2.5636138916015625,2.641983585621439
1e-05,RMSprop,512,0.1,500,30,4.882100582122803,4.88256718133744
1e-05,RMSprop,512,0.1,500,30,4.862460613250732,4.863285564129613
1e-05,RMSprop,512,0.1,500,30,4.00393533706665,4.01741148399542
1e-05,RMSprop,512,0.1,500,30,3.8927173614501953,3.8962713121180714
1e-05,RMSprop,512,0.1,500,30,2.522678852081299,2.6022856569290753
1e-05,RMSprop,512,0.1,1000,30,4.934311866760254,4.9345186141352295
1e-05,RMSprop,512,0.1,1000,30,4.943228721618652,4.9433985376634215
1e-05,RMSprop,512,0.1,1000,30,4.061906337738037,4.074896809962286
1e-05,RMSprop,512,0.1,1000,30,3.9064903259277344,3.9100751534968805
1e-05,RMSprop,512,0.1,1000,30,2.5715694427490234,2.64962246922673
0.001,adam,32,0.001,500,10,2.2618496417999268,2.4460015346868507
0.001,adam,32,0.001,500,10,2.325840950012207,2.4996181196371885
0.001,adam,32,0.001,500,10,1.2748372554779053,1.5386764894306362
0.001,adam,32,0.001,500,10,1.1726247072219849,1.4142541070601662
0.001,adam,32,0.001,500,10,1.220652461051941,1.493714993756996
0.001,adam,32,0.001,1000,10,2.7546753883361816,3.0602604988266457
0.001,adam,32,0.001,1000,10,2.79266095161438,3.0839486582102906
0.001,adam,32,0.001,1000,10,1.8698666095733643,2.2920550161818958
0.001,adam,32,0.001,1000,10,1.7413564920425415,2.1490443257002547
0.001,adam,32,0.001,1000,10,1.617061734199524,1.7739290068870344
0.001,adam,32,0.001,500,20,1.6448395252227783,1.7856928646982666
0.001,adam,32,0.001,500,20,1.6813640594482422,1.8356130110310505
0.001,adam,32,0.001,500,20,0.794082522392273,1.0412342636366396
0.001,adam,32,0.001,500,20,0.6637324690818787,0.8622460005112486
0.001,adam,32,0.001,500,20,1.7590594291687012,1.9218681149243098
0.001,adam,32,0.001,1000,20,2.066288471221924,2.2022751054895
0.001,adam,32,0.001,1000,20,2.0596654415130615,2.198578817655589
0.001,adam,32,0.001,1000,20,1.0764493942260742,1.3193756029786323
0.001,adam,32,0.001,1000,20,0.9011729955673218,1.094047832810195
0.001,adam,32,0.001,1000,20,1.2166101932525635,1.5079389924273503
0.001,adam,32,0.001,500,30,1.618072271347046,1.777566883207699
0.001,adam,32,0.001,500,30,1.6487418413162231,1.8193154285235271
0.001,adam,32,0.001,500,30,0.8356496095657349,1.0790109173431883
0.001,adam,32,0.001,500,30,0.7052409052848816,0.9038575260676869
0.001,adam,32,0.001,500,30,1.8180131912231445,1.9750351866472842
0.001,adam,32,0.001,1000,30,1.6521698236465454,1.7913301580666179
0.001,adam,32,0.001,1000,30,1.7212350368499756,1.8700939844350384
0.001,adam,32,0.001,1000,30,0.7655444145202637,1.0258842515329567
0.001,adam,32,0.001,1000,30,0.6462728381156921,0.8526759436487694
0.001,adam,32,0.001,1000,30,1.6912199258804321,1.8620314014995258
0.001,adam,32,0.1,500,10,2.247727632522583,2.4102630838862638
0.001,adam,32,0.1,500,10,2.311490535736084,2.4836484218458543
0.001,adam,32,0.1,500,10,1.360581636428833,1.6384353557938611
0.001,adam,32,0.1,500,10,1.1889498233795166,1.4241593005840116
0.001,adam,32,0.1,500,10,1.2366622686386108,1.503985593610106
0.001,adam,32,0.1,1000,10,2.7648227214813232,3.0625998033103863
0.001,adam,32,0.1,1000,10,2.6908047199249268,2.9817115922176374
0.001,adam,32,0.1,1000,10,1.887108325958252,2.3198308476903553
0.001,adam,32,0.1,1000,10,1.6848440170288086,2.0890745654788425
0.001,adam,32,0.1,1000,10,1.6189055442810059,1.7778504037261331
0.001,adam,32,0.1,500,20,1.6285344362258911,1.7712115463573126
0.001,adam,32,0.1,500,20,1.6995470523834229,1.8516107866775287
0.001,adam,32,0.1,500,20,0.795647382736206,1.0357232610191478
0.001,adam,32,0.1,500,20,0.6676250100135803,0.8621365652217085
0.001,adam,32,0.1,500,20,1.7604173421859741,1.921623275522808
0.001,adam,32,0.1,1000,20,2.036524534225464,2.1645811265108708
0.001,adam,32,0.1,1000,20,2.098912239074707,2.2386300712254084
0.001,adam,32,0.1,1000,20,1.168409824371338,1.408060434336783
0.001,adam,32,0.1,1000,20,0.8837904334068298,1.081783335133974
0.001,adam,32,0.1,1000,20,1.2499483823776245,1.5297155671861677
0.001,adam,32,0.1,500,30,1.6068317890167236,1.7699767640307429
0.001,adam,32,0.1,500,30,1.6463291645050049,1.8268428773303846
0.001,adam,32,0.1,500,30,0.8277072310447693,1.073031292813663
0.001,adam,32,0.1,500,30,0.7211461663246155,0.9171351442227051
0.001,adam,32,0.1,500,30,1.8285185098648071,1.9795643323295404
0.001,adam,32,0.1,1000,30,1.6555308103561401,1.7910118976583351
0.001,adam,32,0.1,1000,30,1.720407247543335,1.871759602805983
0.001,adam,32,0.1,1000,30,0.8002782464027405,1.0523435755490935
0.001,adam,32,0.1,1000,30,0.6412667036056519,0.8445667975722959
0.001,adam,32,0.1,1000,30,1.6816935539245605,1.8527831870398355
0.001,adam,128,0.001,500,10,1.6638532876968384,1.8124534995592507
0.001,adam,128,0.001,500,10,1.7219657897949219,1.8833452792618695
0.001,adam,128,0.001,500,10,0.8005208969116211,1.0611675546745354
0.001,adam,128,0.001,500,10,0.6657301187515259,0.8672613851328312
0.001,adam,128,0.001,500,10,1.7373604774475098,1.9096435607739268
0.001,adam,128,0.001,1000,10,2.0822296142578125,2.225331605353274
0.001,adam,128,0.001,1000,10,2.1390273571014404,2.281716390513304
0.001,adam,128,0.001,1000,10,1.1705776453018188,1.416878777874595
0.001,adam,128,0.001,1000,10,0.9591440558433533,1.162334003697355
0.001,adam,128,0.001,1000,10,1.1971559524536133,1.5097267767681417
0.001,adam,128,0.001,500,20,1.6034270524978638,1.7797492548248022
0.001,adam,128,0.001,500,20,1.6741503477096558,1.869967637419519
0.001,adam,128,0.001,500,20,0.8711116909980774,1.1194377191928966
0.001,adam,128,0.001,500,20,0.7454701066017151,0.9462691896475736
0.001,adam,128,0.001,500,20,1.8417577743530273,2.0004838119877766
0.001,adam,128,0.001,1000,20,1.6242731809616089,1.7819270135679939
0.001,adam,128,0.001,1000,20,1.6861475706100464,1.8616010019554585
0.001,adam,128,0.001,1000,20,0.8236315250396729,1.0780027569008361
0.001,adam,128,0.001,1000,20,0.6880707144737244,0.8884486997625018
0.001,adam,128,0.001,1000,20,1.7959011793136597,1.9557165423991962
0.001,adam,128,0.001,500,30,1.595456600189209,1.7853896241011435
0.001,adam,128,0.001,500,30,1.6401463747024536,1.8465218479073553
0.001,adam,128,0.001,500,30,0.9049628973007202,1.1545541544356406
0.001,adam,128,0.001,500,30,0.7865312695503235,0.9930795279116228
0.001,adam,128,0.001,500,30,1.8547979593276978,2.0148391966160015
0.001,adam,128,0.001,1000,30,1.6201585531234741,1.7969456534385628
0.001,adam,128,0.001,1000,30,1.6753370761871338,1.870105649748188
0.001,adam,128,0.001,1000,30,0.8815762996673584,1.1308470941117217
0.001,adam,128,0.001,1000,30,0.7551674246788025,0.9613172819602585
0.001,adam,128,0.001,1000,30,1.8371739387512207,1.9930944435263045
0.001,adam,128,0.1,500,10,1.6593365669250488,1.8083247402824938
0.001,adam,128,0.1,500,10,1.7372406721115112,1.8934200213403587
0.001,adam,128,0.1,500,10,0.7974371910095215,1.0603426741970388
0.001,adam,128,0.1,500,10,0.6575682163238525,0.8622143742409277
0.001,adam,128,0.1,500,10,1.7418711185455322,1.9152780837895653
0.001,adam,128,0.1,1000,10,2.1738672256469727,2.315536876242319
0.001,adam,128,0.1,1000,10,2.122046947479248,2.2688903428904457
0.001,adam,128,0.1,1000,10,1.1638617515563965,1.4082960714493309
0.001,adam,128,0.1,1000,10,1.0047318935394287,1.213363137708782
0.001,adam,128,0.1,1000,10,1.1638659238815308,1.465969456779939
0.001,adam,128,0.1,500,20,1.6054668426513672,1.7799678002348938
0.001,adam,128,0.1,500,20,1.665320634841919,1.8590352365069203
0.001,adam,128,0.1,500,20,0.8822599053382874,1.1297157315727275
0.001,adam,128,0.1,500,20,0.7525649070739746,0.9534422237112933
0.001,adam,128,0.1,500,20,1.830512523651123,1.9891750522602443
0.001,adam,128,0.1,1000,20,1.6273330450057983,1.7845740506238552
0.001,adam,128,0.1,1000,20,1.6913527250289917,1.867970577735278
0.001,adam,128,0.1,1000,20,0.8087822794914246,1.0669352578217854
0.001,adam,128,0.1,1000,20,0.6858111023902893,0.88564494313121
0.001,adam,128,0.1,1000,20,1.7946521043777466,1.9526298200404828
0.001,adam,128,0.1,500,30,1.6023499965667725,1.7889299635123832
0.001,adam,128,0.1,500,30,1.6673121452331543,1.8714749579052363
0.001,adam,128,0.1,500,30,0.9057803153991699,1.1541011018182412
0.001,adam,128,0.1,500,30,0.781288206577301,0.9887556060940734
0.001,adam,128,0.1,500,30,1.8650898933410645,2.0238250007892433
0.001,adam,128,0.1,1000,30,1.5882673263549805,1.7668834016517188
0.001,adam,128,0.1,1000,30,1.6730356216430664,1.8633646756415425
0.001,adam,128,0.1,1000,30,0.8814870715141296,1.1313097226727487
0.001,adam,128,0.1,1000,30,0.7493671178817749,0.9518993501811069
0.001,adam,128,0.1,1000,30,1.840680480003357,1.996733143145093
0.001,adam,512,0.001,500,10,1.6066018342971802,1.785531636842588
0.001,adam,512,0.001,500,10,1.6690998077392578,1.869381943832964
0.001,adam,512,0.001,500,10,0.8881804347038269,1.1419105079111949
0.001,adam,512,0.001,500,10,0.7435944676399231,0.9517582646585506
0.001,adam,512,0.001,500,10,1.833043098449707,1.989819064996295
0.001,adam,512,0.001,1000,10,1.6371098756790161,1.8002154274348836
0.001,adam,512,0.001,1000,10,1.694483757019043,1.8720507633181487
0.001,adam,512,0.001,1000,10,0.8236432075500488,1.0794847179283478
0.001,adam,512,0.001,1000,10,0.6881245374679565,0.8917121609701211
0.001,adam,512,0.001,1000,10,1.8310998678207397,1.9867265239867995
0.001,adam,512,0.001,500,20,1.604549527168274,1.804544154167362
0.001,adam,512,0.001,500,20,1.6516145467758179,1.8670959450209885
0.001,adam,512,0.001,500,20,0.9346239566802979,1.1925784488681288
0.001,adam,512,0.001,500,20,0.7781164050102234,0.9942144280339265
0.001,adam,512,0.001,500,20,1.8438490629196167,2.0030816893276904
0.001,adam,512,0.001,1000,20,1.609552264213562,1.8019072018437565
0.001,adam,512,0.001,1000,20,1.6615331172943115,1.876239875293432
0.001,adam,512,0.001,1000,20,0.9179984331130981,1.174517792308338
0.001,adam,512,0.001,1000,20,0.7820175290107727,0.9911549820162848
0.001,adam,512,0.001,1000,20,1.8528084754943848,2.008342984546988
0.001,adam,512,0.001,500,30,1.6033471822738647,1.8088218594547483
0.001,adam,512,0.001,500,30,1.6742857694625854,1.886329752940512
0.001,adam,512,0.001,500,30,0.9446791410446167,1.1917983613681682
0.001,adam,512,0.001,500,30,0.8221195936203003,1.049062862447313
0.001,adam,512,0.001,500,30,1.8814700841903687,2.0414286364420255
0.001,adam,512,0.001,1000,30,1.6137361526489258,1.8179547016304272
0.001,adam,512,0.001,1000,30,1.6855992078781128,1.9014088802929165
0.001,adam,512,0.001,1000,30,0.9498493075370789,1.2067416933262587
0.001,adam,512,0.001,1000,30,0.8156010508537292,1.0346194044798114
0.001,adam,512,0.001,1000,30,1.866178035736084,2.0250427477056876
0.001,adam,512,0.1,500,10,1.6231588125228882,1.8010167693988877
0.001,adam,512,0.1,500,10,1.694075345993042,1.8831901329872645
0.001,adam,512,0.1,500,10,0.8872136473655701,1.140455834372697
0.001,adam,512,0.1,500,10,0.7576303482055664,0.9648932316867979
0.001,adam,512,0.1,500,10,1.8372669219970703,1.9950632918029343
0.001,adam,512,0.1,1000,10,1.6306304931640625,1.791854478913479
0.001,adam,512,0.1,1000,10,1.6901651620864868,1.8698508448963045
0.001,adam,512,0.1,1000,10,0.8162476420402527,1.075863830455241
0.001,adam,512,0.1,1000,10,0.691242516040802,0.8960465835357154
0.001,adam,512,0.1,1000,10,1.8077894449234009,1.9647224039939737
0.001,adam,512,0.1,500,20,1.6139971017837524,1.8138368872055313
0.001,adam,512,0.1,500,20,1.6736326217651367,1.8859770839427574
0.001,adam,512,0.1,500,20,0.9406753182411194,1.1982315423643384
0.001,adam,512,0.1,500,20,0.8065237402915955,1.021129889457952
0.001,adam,512,0.1,500,20,1.8690173625946045,2.0283737946954155
0.001,adam,512,0.1,1000,20,1.6097595691680908,1.8031864942513676
0.001,adam,512,0.1,1000,20,1.6850470304489136,1.8916965947185418
0.001,adam,512,0.1,1000,20,0.9151884913444519,1.1694915438570983
0.001,adam,512,0.1,1000,20,0.7835448980331421,0.9955916092727862
0.001,adam,512,0.1,1000,20,1.8476123809814453,2.004236383738973
0.001,adam,512,0.1,500,30,1.6174983978271484,1.8179519475497292
0.001,adam,512,0.1,500,30,1.6590030193328857,1.8807995431163627
0.001,adam,512,0.1,500,30,0.9426425695419312,1.2037841675564733
0.001,adam,512,0.1,500,30,0.8468857407569885,1.0670958025788542
0.001,adam,512,0.1,500,30,1.8662996292114258,2.026031951750253
0.001,adam,512,0.1,1000,30,1.6113954782485962,1.8156667208843433
0.001,adam,512,0.1,1000,30,1.6656097173690796,1.8892290620914403
0.001,adam,512,0.1,1000,30,0.9582066535949707,1.2146647526893095
0.001,adam,512,0.1,1000,30,0.8137282729148865,1.03437470496597
0.001,adam,512,0.1,1000,30,1.8620966672897339,2.0214170288072193
0.001,RMSprop,32,0.001,500,10,2.3409736156463623,2.543558219409838
0.001,RMSprop,32,0.001,500,10,2.396986246109009,2.5699406038834853
0.001,RMSprop,32,0.001,500,10,1.4437932968139648,1.7496271417409417
0.001,RMSprop,32,0.001,500,10,1.2846107482910156,1.5775188377210803
0.001,RMSprop,32,0.001,500,10,1.3200722932815552,1.5679802727382801
0.001,RMSprop,32,0.001,1000,10,2.911264657974243,3.156429172378062
0.001,RMSprop,32,0.001,1000,10,2.903998851776123,3.1848874324626446
0.001,RMSprop,32,0.001,1000,10,1.865582823753357,2.2708433891797015
0.001,RMSprop,32,0.001,1000,10,1.7679946422576904,2.1821354071878156
0.001,RMSprop,32,0.001,1000,10,1.6162627935409546,1.7725542196312623
0.001,RMSprop,32,0.001,500,20,1.6206326484680176,1.7624708376156
0.001,RMSprop,32,0.001,500,20,1.651658058166504,1.8024452448767503
0.001,RMSprop,32,0.001,500,20,0.8028585314750671,1.033285501870245
0.001,RMSprop,32,0.001,500,20,0.6726810336112976,0.8651944876748757
0.001,RMSprop,32,0.001,500,20,1.8579182624816895,2.0278458460468807
0.001,RMSprop,32,0.001,1000,20,2.1464288234710693,2.285745867442885
0.001,RMSprop,32,0.001,1000,20,2.16841983795166,2.3373317066338566
0.001,RMSprop,32,0.001,1000,20,1.1486722230911255,1.4090052845045613
0.001,RMSprop,32,0.001,1000,20,0.9275287985801697,1.15816555637715
0.001,RMSprop,32,0.001,1000,20,1.2855958938598633,1.5344776468845847
0.001,RMSprop,32,0.001,500,30,1.6078652143478394,1.7494525052993979
0.001,RMSprop,32,0.001,500,30,1.6526814699172974,1.809150231191704
0.001,RMSprop,32,0.001,500,30,0.8456907272338867,1.0625328171093762
0.001,RMSprop,32,0.001,500,30,0.6890214085578918,0.8714913799255712
0.001,RMSprop,32,0.001,500,30,1.7902668714523315,1.944138137972151
0.001,RMSprop,32,0.001,1000,30,1.7079626321792603,1.84010983626479
0.001,RMSprop,32,0.001,1000,30,1.7178610563278198,1.8744483772102911
0.001,RMSprop,32,0.001,1000,30,0.8360669612884521,1.0738212821134623
0.001,RMSprop,32,0.001,1000,30,0.701744794845581,0.9148600106948322
0.001,RMSprop,32,0.001,1000,30,1.8460465669631958,2.0115065972023007
0.001,RMSprop,32,0.1,500,10,2.3456413745880127,2.5481412583244847
0.001,RMSprop,32,0.1,500,10,2.4399147033691406,2.630171450113971
0.001,RMSprop,32,0.1,500,10,1.4547661542892456,1.759560898061103
0.001,RMSprop,32,0.1,500,10,1.354972243309021,1.6598743154445488
0.001,RMSprop,32,0.1,500,10,1.319001317024231,1.557765348556884
0.001,RMSprop,32,0.1,1000,10,2.807482957839966,3.0824965982658137
0.001,RMSprop,32,0.1,1000,10,2.8913450241088867,3.166033999503281
0.001,RMSprop,32,0.1,1000,10,1.9713221788406372,2.407077696493569
0.001,RMSprop,32,0.1,1000,10,1.7939949035644531,2.2133398584859485
0.001,RMSprop,32,0.1,1000,10,1.6009804010391235,1.7605907271370127
0.001,RMSprop,32,0.1,500,20,1.664718508720398,1.7978052799498276
0.001,RMSprop,32,0.1,500,20,1.7103756666183472,1.8555808585580675
0.001,RMSprop,32,0.1,500,20,0.8038021326065063,1.0404857553792926
0.001,RMSprop,32,0.1,500,20,0.6660372018814087,0.8538600130816818
0.001,RMSprop,32,0.1,500,20,1.7944061756134033,1.9624045913732775
0.001,RMSprop,32,0.1,1000,20,2.0153841972351074,2.1741087698937367
0.001,RMSprop,32,0.1,1000,20,2.1032776832580566,2.2549917162554856
0.001,RMSprop,32,0.1,1000,20,1.229323148727417,1.4836016598009012
0.001,RMSprop,32,0.1,1000,20,1.0089480876922607,1.2409611052105485
0.001,RMSprop,32,0.1,1000,20,1.2717361450195312,1.5466911129554162
0.001,RMSprop,32,0.1,500,30,1.5966565608978271,1.7424637784983257
0.001,RMSprop,32,0.1,500,30,1.5961390733718872,1.7644207653957202
0.001,RMSprop,32,0.1,500,30,0.8321377038955688,1.051937842302333
0.001,RMSprop,32,0.1,500,30,0.7585060000419617,0.9388893323222611
0.001,RMSprop,32,0.1,500,30,1.7944215536117554,1.9530490097521922
0.001,RMSprop,32,0.1,1000,30,1.730814814567566,1.8663340257967107
0.001,RMSprop,32,0.1,1000,30,1.7275049686431885,1.8833619261852652
0.001,RMSprop,32,0.1,1000,30,0.8272102475166321,1.0574941519537215
0.001,RMSprop,32,0.1,1000,30,0.6993550062179565,0.8969367055899394
0.001,RMSprop,32,0.1,1000,30,1.8548411130905151,2.0277589582269577
0.001,RMSprop,128,0.001,500,10,1.6852824687957764,1.8370163365334882
0.001,RMSprop,128,0.001,500,10,1.790563702583313,1.943079145153654
0.001,RMSprop,128,0.001,500,10,0.8382148742675781,1.0960676977279389
0.001,RMSprop,128,0.001,500,10,0.7047315835952759,0.9129004631769227
0.001,RMSprop,128,0.001,500,10,1.6987913846969604,1.8796802599887195
0.001,RMSprop,128,0.001,1000,10,2.2497167587280273,2.418752811242966
0.001,RMSprop,128,0.001,1000,10,2.384683132171631,2.538501102299251
0.001,RMSprop,128,0.001,1000,10,1.3533107042312622,1.6200160109352764
0.001,RMSprop,128,0.001,1000,10,1.1489808559417725,1.3786026401572526
0.001,RMSprop,128,0.001,1000,10,1.2837005853652954,1.571669793811868
0.001,RMSprop,128,0.001,500,20,1.6422568559646606,1.7864574139502767
0.001,RMSprop,128,0.001,500,20,1.727301001548767,1.8822721600291432
0.001,RMSprop,128,0.001,500,20,0.8537595272064209,1.0816197353011399
0.001,RMSprop,128,0.001,500,20,0.6972560286521912,0.887478842953231
0.001,RMSprop,128,0.001,500,20,1.7662376165390015,1.9253232461598153
0.001,RMSprop,128,0.001,1000,20,1.6494241952896118,1.8051710265439818
0.001,RMSprop,128,0.001,1000,20,1.7303344011306763,1.8927823833395485
0.001,RMSprop,128,0.001,1000,20,0.8345715403556824,1.077236749482125
0.001,RMSprop,128,0.001,1000,20,0.6995578408241272,0.8979388968127009
0.001,RMSprop,128,0.001,1000,20,1.7292169332504272,1.8995678836935868
0.001,RMSprop,128,0.001,500,30,1.6005371809005737,1.7558240027678398
0.001,RMSprop,128,0.001,500,30,1.6194279193878174,1.8007838317455396
0.001,RMSprop,128,0.001,500,30,0.8501171469688416,1.0795818934154342
0.001,RMSprop,128,0.001,500,30,0.7602807879447937,0.9503117614462233
0.001,RMSprop,128,0.001,500,30,1.9089101552963257,2.062219080433882
0.001,RMSprop,128,0.001,1000,30,1.5354063510894775,1.7094883464495243
0.001,RMSprop,128,0.001,1000,30,1.7654147148132324,1.9240449270090583
0.001,RMSprop,128,0.001,1000,30,0.8607217073440552,1.0962465404077484
0.001,RMSprop,128,0.001,1000,30,0.7735381722450256,0.965481072720862
0.001,RMSprop,128,0.001,1000,30,1.8178656101226807,1.977312209692799
0.001,RMSprop,128,0.1,500,10,1.6572521924972534,1.8138874268473169
0.001,RMSprop,128,0.1,500,10,1.6420522928237915,1.827255629183874
0.001,RMSprop,128,0.1,500,10,0.8327435851097107,1.0913787204817518
0.001,RMSprop,128,0.1,500,10,0.7122271060943604,0.9239583155572166
0.001,RMSprop,128,0.1,500,10,1.8080956935882568,1.99083948342273
0.001,RMSprop,128,0.1,1000,10,2.2539865970611572,2.419688560685629
0.001,RMSprop,128,0.1,1000,10,2.3516228199005127,2.506070491612206
0.001,RMSprop,128,0.1,1000,10,1.2811942100524902,1.539333726249855
0.001,RMSprop,128,0.1,1000,10,1.1832164525985718,1.417124178816608
0.001,RMSprop,128,0.1,1000,10,1.3103710412979126,1.6048752181843866
0.001,RMSprop,128,0.1,500,20,1.6330242156982422,1.7806998624693506
0.001,RMSprop,128,0.1,500,20,1.7365036010742188,1.890394716976886
0.001,RMSprop,128,0.1,500,20,0.8470190763473511,1.0775487161231232
0.001,RMSprop,128,0.1,500,20,0.7984960675239563,0.9873540396198723
0.001,RMSprop,128,0.1,500,20,1.8232805728912354,1.9813580745257848
0.001,RMSprop,128,0.1,1000,20,1.7766329050064087,1.911882615013458
0.001,RMSprop,128,0.1,1000,20,1.698622703552246,1.867430603290379
0.001,RMSprop,128,0.1,1000,20,0.8395871520042419,1.0809687827558216
0.001,RMSprop,128,0.1,1000,20,0.7011674046516418,0.8966224913073407
0.001,RMSprop,128,0.1,1000,20,1.8305718898773193,1.999516667137497
0.001,RMSprop,128,0.1,500,30,1.5290416479110718,1.700195663075244
0.001,RMSprop,128,0.1,500,30,1.5790159702301025,1.767141315588613
0.001,RMSprop,128,0.1,500,30,0.8926118016242981,1.1154646493772515
0.001,RMSprop,128,0.1,500,30,0.7654219269752502,0.9518052954897385
0.001,RMSprop,128,0.1,500,30,1.9364209175109863,2.0911230432037295
0.001,RMSprop,128,0.1,1000,30,1.6569764614105225,1.807943997756412
0.001,RMSprop,128,0.1,1000,30,1.6258612871170044,1.8127634580462728
0.001,RMSprop,128,0.1,1000,30,0.8439174294471741,1.0872040641906597
0.001,RMSprop,128,0.1,1000,30,0.7137799263000488,0.9076629673096407
0.001,RMSprop,128,0.1,1000,30,1.8807291984558105,2.0383104128522342
0.001,RMSprop,512,0.001,500,10,1.5632880926132202,1.7409678068520507
0.001,RMSprop,512,0.001,500,10,1.7671232223510742,1.9265788130986088
0.001,RMSprop,512,0.001,500,10,0.8373875021934509,1.0992645210762777
0.001,RMSprop,512,0.001,500,10,0.7179668545722961,0.910871069499582
0.001,RMSprop,512,0.001,500,10,1.8259363174438477,1.9903748287696048
0.001,RMSprop,512,0.001,1000,10,1.8239891529083252,1.9787336043005714
0.001,RMSprop,512,0.001,1000,10,1.8971248865127563,2.0580159775361184
0.001,RMSprop,512,0.001,1000,10,0.8726773262023926,1.1444370895034182
0.001,RMSprop,512,0.001,1000,10,0.72885662317276,0.9461741028234173
0.001,RMSprop,512,0.001,1000,10,1.7370678186416626,1.9341102603815932
0.001,RMSprop,512,0.001,500,20,1.66800057888031,1.8199119945879372
0.001,RMSprop,512,0.001,500,20,1.769141435623169,1.9259488108319989
0.001,RMSprop,512,0.001,500,20,0.8898482918739319,1.1246807387123052
0.001,RMSprop,512,0.001,500,20,0.7824728488922119,0.974677318582197
0.001,RMSprop,512,0.001,500,20,1.769460678100586,1.934533154950607
0.001,RMSprop,512,0.001,1000,20,1.7636096477508545,1.905164816227128
0.001,RMSprop,512,0.001,1000,20,1.7477408647537231,1.9189066720425778
0.001,RMSprop,512,0.001,1000,20,0.8915030360221863,1.1332800064911088
0.001,RMSprop,512,0.001,1000,20,0.7075899243354797,0.915960216676515
0.001,RMSprop,512,0.001,1000,20,1.8318747282028198,1.9967216802967043
0.001,RMSprop,512,0.001,500,30,1.624706506729126,1.7821707771663173
0.001,RMSprop,512,0.001,500,30,1.6500425338745117,1.8334514261994141
0.001,RMSprop,512,0.001,500,30,0.9071139097213745,1.1400830797406554
0.001,RMSprop,512,0.001,500,30,0.8299667835235596,1.0289135677045562
0.001,RMSprop,512,0.001,500,30,1.880947232246399,2.0401852611492886
0.001,RMSprop,512,0.001,1000,30,1.5348933935165405,1.7240171009507788
0.001,RMSprop,512,0.001,1000,30,1.7452198266983032,1.921244386008306
0.001,RMSprop,512,0.001,1000,30,0.8734147548675537,1.1317470407011199
0.001,RMSprop,512,0.001,1000,30,0.7627828121185303,0.9637568912185512
0.001,RMSprop,512,0.001,1000,30,1.7169305086135864,1.885722463969872
0.001,RMSprop,512,0.1,500,10,1.6810377836227417,1.8337548450491774
0.001,RMSprop,512,0.1,500,10,1.665479063987732,1.8451008131815516
0.001,RMSprop,512,0.1,500,10,0.8421461582183838,1.093974989502299
0.001,RMSprop,512,0.1,500,10,0.7454703450202942,0.9382585635527544
0.001,RMSprop,512,0.1,500,10,1.8439403772354126,2.0066186346386674
0.001,RMSprop,512,0.1,1000,10,1.7907480001449585,1.947068551669538
0.001,RMSprop,512,0.1,1000,10,1.9105910062789917,2.0658056183074476
0.001,RMSprop,512,0.1,1000,10,0.8736780881881714,1.153141224237866
0.001,RMSprop,512,0.1,1000,10,0.7140567302703857,0.9413783912177186
0.001,RMSprop,512,0.1,1000,10,1.7998782396316528,1.994019447702442
0.001,RMSprop,512,0.1,500,20,1.6503616571426392,1.8076492380920735
0.001,RMSprop,512,0.1,500,20,1.5798027515411377,1.7768120609693372
0.001,RMSprop,512,0.1,500,20,0.8998035788536072,1.1255034803576487
0.001,RMSprop,512,0.1,500,20,0.7322876453399658,0.9299289806485158
0.001,RMSprop,512,0.1,500,20,1.8402081727981567,2.00157091911743
0.001,RMSprop,512,0.1,1000,20,1.6276298761367798,1.796338341225624
0.001,RMSprop,512,0.1,1000,20,1.62274169921875,1.8250676207882899
0.001,RMSprop,512,0.1,1000,20,0.8754424452781677,1.1203983821963446
0.001,RMSprop,512,0.1,1000,20,0.7221996784210205,0.9261242195009745
0.001,RMSprop,512,0.1,1000,20,1.9353652000427246,2.10033860428623
0.001,RMSprop,512,0.1,500,30,1.693837285041809,1.847888827051488
0.001,RMSprop,512,0.1,500,30,1.6402997970581055,1.8312894380768876
0.001,RMSprop,512,0.1,500,30,0.8997670412063599,1.1373391048118
0.001,RMSprop,512,0.1,500,30,0.7701581716537476,0.9683542981616742
0.001,RMSprop,512,0.1,500,30,1.8070741891860962,1.9695393024599246
0.001,RMSprop,512,0.1,1000,30,1.6368069648742676,1.8031201182386933
0.001,RMSprop,512,0.1,1000,30,1.5908887386322021,1.8021112193630964
0.001,RMSprop,512,0.1,1000,30,0.9054933786392212,1.1441537279998253
0.001,RMSprop,512,0.1,1000,30,0.7921416759490967,0.9877238152773847
0.001,RMSprop,512,0.1,1000,30,1.8641036748886108,2.025903443734716
0.1,adam,32,0.001,500,10,1.456477403640747,1.6273264737066029
0.1,adam,32,0.001,500,10,1.5499720573425293,1.695077132661519
0.1,adam,32,0.001,500,10,0.8194783926010132,1.0321647748255833
0.1,adam,32,0.001,500,10,0.7602671384811401,0.946491829925033
0.1,adam,32,0.001,500,10,1.7568107843399048,1.9203703037436208
0.1,adam,32,0.001,1000,10,1.4162019491195679,1.6000570525487936
0.1,adam,32,0.001,1000,10,1.5616244077682495,1.7209456551065754
0.1,adam,32,0.001,1000,10,0.877398669719696,1.0987627418829482
0.1,adam,32,0.001,1000,10,0.722618818283081,0.9324150785175295
0.1,adam,32,0.001,1000,10,1.882265329360962,2.0432115924697527
0.1,adam,32,0.001,500,20,1.4964038133621216,1.6675468107684792
0.1,adam,32,0.001,500,20,1.4715827703475952,1.6544736297110636
0.1,adam,32,0.001,500,20,0.8798679709434509,1.0982011413230655
0.1,adam,32,0.001,500,20,0.7956943511962891,0.9987755371858472
0.1,adam,32,0.001,500,20,2.0180110931396484,2.1803202924005487
0.1,adam,32,0.001,1000,20,1.600089192390442,1.7527589847681007
0.1,adam,32,0.001,1000,20,1.5408674478530884,1.7209193324412801
0.1,adam,32,0.001,1000,20,0.8808683156967163,1.1186335348531962
0.1,adam,32,0.001,1000,20,0.7581885457038879,0.9464559339027854
0.1,adam,32,0.001,1000,20,1.841976284980774,2.0078604725847273
0.1,adam,32,0.001,500,30,1.4891403913497925,1.675259382177534
0.1,adam,32,0.001,500,30,1.5238858461380005,1.7084286205730157
0.1,adam,32,0.001,500,30,0.8943540453910828,1.1138118617113393
0.1,adam,32,0.001,500,30,0.9168419241905212,1.142697215598498
0.1,adam,32,0.001,500,30,1.9126064777374268,2.0705022760897824
0.1,adam,32,0.001,1000,30,1.6263303756713867,1.7873923155886733
0.1,adam,32,0.001,1000,30,1.4650694131851196,1.659988502554545
0.1,adam,32,0.001,1000,30,0.8602678775787354,1.0958160505394476
0.1,adam,32,0.001,1000,30,0.7620721459388733,0.9850388967511856
0.1,adam,32,0.001,1000,30,1.8780752420425415,2.050486051112488
0.1,adam,32,0.1,500,10,1.54063880443573,1.6897146033654369
0.1,adam,32,0.1,500,10,1.522086501121521,1.6732847028228788
0.1,adam,32,0.1,500,10,0.8038942813873291,1.0103491272261875
0.1,adam,32,0.1,500,10,0.7070722579956055,0.8905019842486628
0.1,adam,32,0.1,500,10,1.8574663400650024,2.02089150990646
0.1,adam,32,0.1,1000,10,1.5545437335968018,1.7110764259824804
0.1,adam,32,0.1,1000,10,1.6161795854568481,1.7720696640055507
0.1,adam,32,0.1,1000,10,0.8388646841049194,1.059884161107732
0.1,adam,32,0.1,1000,10,0.7424303293228149,0.9273003134963181
0.1,adam,32,0.1,1000,10,1.8900721073150635,2.0480745018655084
0.1,adam,32,0.1,500,20,1.4278377294540405,1.6073030634154826
0.1,adam,32,0.1,500,20,1.5579626560211182,1.7159527991812433
0.1,adam,32,0.1,500,20,0.8822318315505981,1.1052552141654621
0.1,adam,32,0.1,500,20,0.7254785299301147,0.911194630577236
0.1,adam,32,0.1,500,20,1.8675124645233154,2.0299026715854183
0.1,adam,32,0.1,1000,20,1.4834060668945312,1.6605295995631606
0.1,adam,32,0.1,1000,20,1.6240036487579346,1.8083537459503198
0.1,adam,32,0.1,1000,20,0.8608216643333435,1.0881098144628525
0.1,adam,32,0.1,1000,20,0.7547172904014587,0.9508854867661055
0.1,adam,32,0.1,1000,20,1.8467307090759277,2.0143077005618393
0.1,adam,32,0.1,500,30,1.508719801902771,1.6789149437240374
0.1,adam,32,0.1,500,30,1.5977569818496704,1.7516220613505462
0.1,adam,32,0.1,500,30,0.8931512236595154,1.1251943738231904
0.1,adam,32,0.1,500,30,0.7809192538261414,0.9806491640224598
0.1,adam,32,0.1,500,30,1.8640265464782715,2.0251895580344277
0.1,adam,32,0.1,1000,30,1.6033333539962769,1.7635512875788155
0.1,adam,32,0.1,1000,30,1.497581124305725,1.6804390578792479
0.1,adam,32,0.1,1000,30,0.8674020767211914,1.1011682981911357
0.1,adam,32,0.1,1000,30,0.793393075466156,1.0024013892212091
0.1,adam,32,0.1,1000,30,1.9767650365829468,2.1476867473791805
0.1,adam,128,0.001,500,10,1.3373260498046875,1.5364931609091228
0.1,adam,128,0.001,500,10,1.4584754705429077,1.6415596615664931
0.1,adam,128,0.001,500,10,0.8537702560424805,1.0804443290416514
0.1,adam,128,0.001,500,10,0.5481685400009155,0.7317926170573038
0.1,adam,128,0.001,500,10,1.937139868736267,2.092652559905899
0.1,adam,128,0.001,1000,10,1.5543382167816162,1.7047098467766846
0.1,adam,128,0.001,1000,10,1.654299259185791,1.8211608350680257
0.1,adam,128,0.001,1000,10,0.8964360356330872,1.1053892720366725
0.1,adam,128,0.001,1000,10,0.6938950419425964,0.8745491364875061
0.1,adam,128,0.001,1000,10,1.2295949459075928,1.549781380894578
0.1,adam,128,0.001,500,20,1.4445844888687134,1.635159644402682
0.1,adam,128,0.001,500,20,1.3672409057617188,1.5751088089671963
0.1,adam,128,0.001,500,20,0.8699955940246582,1.088450207434838
0.1,adam,128,0.001,500,20,0.8952535390853882,1.106711346392687
0.1,adam,128,0.001,500,20,1.8140085935592651,1.9872154272030422
0.1,adam,128,0.001,1000,20,1.5415607690811157,1.6392747681576108
0.1,adam,128,0.001,1000,20,1.5976206064224243,1.7617554248451843
0.1,adam,128,0.001,1000,20,0.8903487324714661,1.1245563480003484
0.1,adam,128,0.001,1000,20,0.6954506039619446,0.8909895635971936
0.1,adam,128,0.001,1000,20,1.8361512422561646,1.9685464178517764
0.1,adam,128,0.001,500,30,1.357619047164917,1.5811649917851547
0.1,adam,128,0.001,500,30,1.6100424528121948,1.7839240364443647
0.1,adam,128,0.001,500,30,0.6978480219841003,0.8885116935823458
0.1,adam,128,0.001,500,30,0.6317621469497681,0.839044589911745
0.1,adam,128,0.001,500,30,1.979865550994873,2.1258359274654595
0.1,adam,128,0.001,1000,30,1.3156235218048096,1.430272634032744
0.1,adam,128,0.001,1000,30,1.452667236328125,1.6529465606091487
0.1,adam,128,0.001,1000,30,0.9734567999839783,1.2037496555284302
0.1,adam,128,0.001,1000,30,0.47947680950164795,0.6929376098448304
0.1,adam,128,0.001,1000,30,1.7623971700668335,1.9429307934681532
0.1,adam,128,0.1,500,10,1.5142531394958496,1.6730344085620792
0.1,adam,128,0.1,500,10,1.5006674528121948,1.6847721233282398
0.1,adam,128,0.1,500,10,0.7447580099105835,0.9362284620428062
0.1,adam,128,0.1,500,10,0.7572023868560791,0.9442979396682459
0.1,adam,128,0.1,500,10,1.8641265630722046,2.027424422994502
0.1,adam,128,0.1,1000,10,1.6644107103347778,1.7873532988630605
0.1,adam,128,0.1,1000,10,1.546814203262329,1.7020468842966676
0.1,adam,128,0.1,1000,10,0.856483519077301,1.0699642756550232
0.1,adam,128,0.1,1000,10,0.6636706590652466,0.8443882965012303
0.1,adam,128,0.1,1000,10,1.5768827199935913,1.8209264153869333
0.1,adam,128,0.1,500,20,1.3737915754318237,1.5005886988953914
0.1,adam,128,0.1,500,20,1.5589028596878052,1.7446355341804902
0.1,adam,128,0.1,500,20,0.8576896786689758,1.0799462236155508
0.1,adam,128,0.1,500,20,0.7276333570480347,0.9066284967783962
0.1,adam,128,0.1,500,20,1.907956600189209,2.046179034308067
0.1,adam,128,0.1,1000,20,1.4657104015350342,1.640416013940215
0.1,adam,128,0.1,1000,20,1.6415554285049438,1.798838131821888
0.1,adam,128,0.1,1000,20,0.8741289973258972,1.1094156714492498
0.1,adam,128,0.1,1000,20,0.8970921635627747,1.1041005432674846
0.1,adam,128,0.1,1000,20,1.8667353391647339,1.9956590511333245
0.1,adam,128,0.1,500,30,1.3072751760482788,1.4474349650002494
0.1,adam,128,0.1,500,30,1.4601119756698608,1.6692070752929757
0.1,adam,128,0.1,500,30,0.6232075095176697,0.8323859949492829
0.1,adam,128,0.1,500,30,0.864094614982605,1.0742775640859705
0.1,adam,128,0.1,500,30,1.8794031143188477,2.0117570299376766
0.1,adam,128,0.1,1000,30,1.6563255786895752,1.8175450846499261
0.1,adam,128,0.1,1000,30,1.5954004526138306,1.7726582567078357
0.1,adam,128,0.1,1000,30,0.5705145001411438,0.8609019152700305
0.1,adam,128,0.1,1000,30,0.8731241822242737,1.0613243667373131
0.1,adam,128,0.1,1000,30,1.925342082977295,2.094349903308082
0.1,adam,512,0.001,500,10,1.3058700561523438,1.5054941488992892
0.1,adam,512,0.001,500,10,1.4917984008789062,1.6469366101895933
0.1,adam,512,0.001,500,10,0.7703796625137329,1.1113007714738368
0.1,adam,512,0.001,500,10,0.5242533683776855,0.7941900535320894
0.1,adam,512,0.001,500,10,1.8338145017623901,1.9842180205002191
0.1,adam,512,0.001,1000,10,1.2944103479385376,1.4766123122436559
0.1,adam,512,0.001,1000,10,1.6280204057693481,1.7497071974896319
0.1,adam,512,0.001,1000,10,1.251238226890564,1.5302685297514234
0.1,adam,512,0.001,1000,10,0.6196416616439819,0.772218031856624
0.1,adam,512,0.001,1000,10,1.9924825429916382,2.140215312429366
0.1,adam,512,0.001,500,20,1.5356467962265015,1.828802977477092
0.1,adam,512,0.001,500,20,1.997167944908142,2.5506722629975607
0.1,adam,512,0.001,500,20,1.4189066886901855,2.0268601151213006
0.1,adam,512,0.001,500,20,1.4551606178283691,2.162891498032942
0.1,adam,512,0.001,500,20,2.053219795227051,2.228291907352207
0.1,adam,512,0.001,1000,20,1.4660180807113647,1.6220606115190044
0.1,adam,512,0.001,1000,20,1.6795531511306763,1.7991630913311818
0.1,adam,512,0.001,1000,20,0.9344682693481445,1.205180208652278
0.1,adam,512,0.001,1000,20,0.6409040093421936,0.8230615238864929
0.1,adam,512,0.001,1000,20,1.9798321723937988,2.143173371550912
0.1,adam,512,0.001,500,30,4.0331244468688965,6.252432082950146
0.1,adam,512,0.001,500,30,1.5065553188323975,1.8417960335819592
0.1,adam,512,0.001,500,30,2.1182215213775635,3.5920749907195195
0.1,adam,512,0.001,500,30,0.975220799446106,1.4656087683325842
0.1,adam,512,0.001,500,30,2.1015267372131348,2.4710289781724573
0.1,adam,512,0.001,1000,30,1.3055347204208374,1.4982668877968577
0.1,adam,512,0.001,1000,30,1.4982845783233643,1.604583496170346
0.1,adam,512,0.001,1000,30,0.906339704990387,1.138640624152394
0.1,adam,512,0.001,1000,30,0.6889288425445557,0.8960938444528306
0.1,adam,512,0.001,1000,30,1.8814804553985596,2.053900274164293
0.1,adam,512,0.1,500,10,1.4455323219299316,1.5686181639941033
0.1,adam,512,0.1,500,10,1.3026912212371826,1.4985338038901115
0.1,adam,512,0.1,500,10,0.8519846200942993,1.05323199399329
0.1,adam,512,0.1,500,10,0.6983545422554016,0.9049878045308898
0.1,adam,512,0.1,500,10,2.0277323722839355,2.184914941594284
0.1,adam,512,0.1,1000,10,1.6012828350067139,1.727589918631206
0.1,adam,512,0.1,1000,10,1.46674382686615,1.6431267691827989
0.1,adam,512,0.1,1000,10,0.8420466184616089,1.0848594089253174
0.1,adam,512,0.1,1000,10,0.5708070993423462,0.7640489198690912
0.1,adam,512,0.1,1000,10,1.9404009580612183,2.11336586266321
0.1,adam,512,0.1,500,20,1.5592811107635498,1.8297104440711558
0.1,adam,512,0.1,500,20,1.4666118621826172,1.6803905346490107
0.1,adam,512,0.1,500,20,1.3055131435394287,1.9860623012078888
0.1,adam,512,0.1,500,20,0.6470170617103577,0.9882907188474563
0.1,adam,512,0.1,500,20,1.9580589532852173,2.1278182022840757
0.1,adam,512,0.1,1000,20,1.5477406978607178,1.668135837878469
0.1,adam,512,0.1,1000,20,1.5405340194702148,1.6845930280397812
0.1,adam,512,0.1,1000,20,0.8889790773391724,1.0984685749634306
0.1,adam,512,0.1,1000,20,0.9434136152267456,1.1626392342647907
0.1,adam,512,0.1,1000,20,2.0076475143432617,2.16156236022887
0.1,adam,512,0.1,500,30,1.4222674369812012,1.6790389827271963
0.1,adam,512,0.1,500,30,1.641636848449707,2.035144066362283
0.1,adam,512,0.1,500,30,0.9703163504600525,1.5226940982160349
0.1,adam,512,0.1,500,30,2.0292959213256836,3.351679446440894
0.1,adam,512,0.1,500,30,5.8894267082214355,9.272630381630442
0.1,adam,512,0.1,1000,30,1.465390920639038,1.5890368164147453
0.1,adam,512,0.1,1000,30,1.5090755224227905,1.6539265151622555
0.1,adam,512,0.1,1000,30,0.7996916174888611,1.0351996646629982
0.1,adam,512,0.1,1000,30,0.698345959186554,0.8549689657591051
0.1,adam,512,0.1,1000,30,1.8492263555526733,2.0057274348798706
0.1,RMSprop,32,0.001,500,10,1.5975000858306885,1.6449690211199528
0.1,RMSprop,32,0.001,500,10,1.7453093528747559,2.8508893616348416
0.1,RMSprop,32,0.001,500,10,0.686884343624115,0.8577401997543651
0.1,RMSprop,32,0.001,500,10,0.6629600524902344,0.8080403742546709
0.1,RMSprop,32,0.001,500,10,1.7750169038772583,1.909148654539186
0.1,RMSprop,32,0.001,1000,10,1.639531135559082,1.7836605291777239
0.1,RMSprop,32,0.001,1000,10,1.7727192640304565,1.8742571948848201
0.1,RMSprop,32,0.001,1000,10,0.9550302624702454,1.198578903032689
0.1,RMSprop,32,0.001,1000,10,0.8560609817504883,1.0589314727908872
0.1,RMSprop,32,0.001,1000,10,2.279700517654419,2.402527245437516
0.1,RMSprop,32,0.001,500,20,1.3562837839126587,1.4829911055089153
0.1,RMSprop,32,0.001,500,20,1.416232943534851,1.5317547024791192
0.1,RMSprop,32,0.001,500,20,0.8683410286903381,1.027167765697919
0.1,RMSprop,32,0.001,500,20,0.5129638910293579,0.6007710241432159
0.1,RMSprop,32,0.001,500,20,1.9357309341430664,2.071312083647409
0.1,RMSprop,32,0.001,1000,20,1.2707008123397827,1.4509612350280758
0.1,RMSprop,32,0.001,1000,20,1.4851394891738892,1.5734714599096313
0.1,RMSprop,32,0.001,1000,20,0.8744871020317078,1.0516559122888878
0.1,RMSprop,32,0.001,1000,20,0.572092592716217,0.737663333392581
0.1,RMSprop,32,0.001,1000,20,1.5863935947418213,1.7308905713836968
0.1,RMSprop,32,0.001,500,30,1.503592610359192,1.5806143738377014
0.1,RMSprop,32,0.001,500,30,1.3370970487594604,1.4877067518401688
0.1,RMSprop,32,0.001,500,30,0.8246313333511353,0.9873982582313361
0.1,RMSprop,32,0.001,500,30,0.6996096968650818,0.8565154965741919
0.1,RMSprop,32,0.001,500,30,1.8791446685791016,2.0198832634913146
0.1,RMSprop,32,0.001,1000,30,1.3161875009536743,1.4217778266986094
0.1,RMSprop,32,0.001,1000,30,1.2331615686416626,1.3885727644478856
0.1,RMSprop,32,0.001,1000,30,0.784590482711792,0.9440910076949928
0.1,RMSprop,32,0.001,1000,30,0.8998282551765442,1.0632427648660958
0.1,RMSprop,32,0.001,1000,30,1.7459571361541748,1.8772862165622624
0.1,RMSprop,32,0.1,500,10,1.346177339553833,1.4358342512367284
0.1,RMSprop,32,0.1,500,10,1.5344289541244507,1.6013565303198023
0.1,RMSprop,32,0.1,500,10,0.7305277585983276,0.9131631257585622
0.1,RMSprop,32,0.1,500,10,0.4462668299674988,0.5492659482033944
0.1,RMSprop,32,0.1,500,10,1.9589917659759521,2.0923642939197893
0.1,RMSprop,32,0.1,1000,10,1.9028154611587524,1.9517064550737986
0.1,RMSprop,32,0.1,1000,10,1.1260236501693726,1.266430727835665
0.1,RMSprop,32,0.1,1000,10,0.7618194818496704,0.9533225933439218
0.1,RMSprop,32,0.1,1000,10,0.5794003009796143,0.7174262004872692
0.1,RMSprop,32,0.1,1000,10,1.5305893421173096,1.74351943211055
0.1,RMSprop,32,0.1,500,20,1.6459022760391235,1.6991041122877992
0.1,RMSprop,32,0.1,500,20,1.459499716758728,1.5981333423645903
0.1,RMSprop,32,0.1,500,20,0.6502829194068909,0.8049418963911973
0.1,RMSprop,32,0.1,500,20,0.5842986702919006,0.7511692866351702
0.1,RMSprop,32,0.1,500,20,1.84709894657135,1.9778311054610114
0.1,RMSprop,32,0.1,1000,20,1.2006185054779053,1.324427900423464
0.1,RMSprop,32,0.1,1000,20,1.3741755485534668,1.4981958347550375
0.1,RMSprop,32,0.1,1000,20,0.685795783996582,0.8333069598475052
0.1,RMSprop,32,0.1,1000,20,0.6540799736976624,0.8528819230430584
0.1,RMSprop,32,0.1,1000,20,2.177786350250244,2.3145725138972475
0.1,RMSprop,32,0.1,500,30,1.3826926946640015,1.5808078132517387
0.1,RMSprop,32,0.1,500,30,1.508459210395813,1.6162498077604883
0.1,RMSprop,32,0.1,500,30,0.8850637674331665,1.0651884846162647
0.1,RMSprop,32,0.1,500,30,0.7517082095146179,0.8811009788318116
0.1,RMSprop,32,0.1,500,30,1.8658446073532104,1.9928364014803588
0.1,RMSprop,32,0.1,1000,30,1.3284273147583008,1.4812754343158936
0.1,RMSprop,32,0.1,1000,30,1.5040525197982788,1.6178242632250537
0.1,RMSprop,32,0.1,1000,30,0.7877380847930908,1.016474324672845
0.1,RMSprop,32,0.1,1000,30,0.7822685241699219,0.9428606946422097
0.1,RMSprop,32,0.1,1000,30,1.9146676063537598,2.055896939748604
0.1,RMSprop,128,0.001,500,10,1.3041843175888062,1.3923794683618795
0.1,RMSprop,128,0.001,500,10,1.3551996946334839,1.4648061518612343
0.1,RMSprop,128,0.001,500,10,0.5797610282897949,0.8041313249270182
0.1,RMSprop,128,0.001,500,10,0.4456762671470642,0.5880175228605741
0.1,RMSprop,128,0.001,500,10,1.9884980916976929,2.149096911411268
0.1,RMSprop,128,0.001,1000,10,1.2663737535476685,1.3802034150041962
0.1,RMSprop,128,0.001,1000,10,1.4379507303237915,1.5524964348203847
0.1,RMSprop,128,0.001,1000,10,0.9237514734268188,1.1787677236055856
0.1,RMSprop,128,0.001,1000,10,0.9882761836051941,1.3443631835730323
0.1,RMSprop,128,0.001,1000,10,2.6194610595703125,2.8683105265102067
0.1,RMSprop,128,0.001,500,20,1.211890697479248,1.3361094403184863
0.1,RMSprop,128,0.001,500,20,1.4028328657150269,1.5396795439780744
0.1,RMSprop,128,0.001,500,20,0.8066338300704956,0.9855276957916319
0.1,RMSprop,128,0.001,500,20,0.5598496794700623,0.674465486149636
0.1,RMSprop,128,0.001,500,20,1.9155504703521729,2.054254058258219
0.1,RMSprop,128,0.001,1000,20,1.4530631303787231,1.5720055406487352
0.1,RMSprop,128,0.001,1000,20,1.2694886922836304,1.4287719296351857
0.1,RMSprop,128,0.001,1000,20,0.722312331199646,0.9758491962803848
0.1,RMSprop,128,0.001,1000,20,0.5563898086547852,0.7810702307819818
0.1,RMSprop,128,0.001,1000,20,1.6195645332336426,1.7765207921536477
0.1,RMSprop,128,0.001,500,30,1.3164864778518677,1.5195584723772595
0.1,RMSprop,128,0.001,500,30,1.4102869033813477,1.5116805828313327
0.1,RMSprop,128,0.001,500,30,0.756662130355835,0.9823774627293546
0.1,RMSprop,128,0.001,500,30,0.8979489803314209,1.0940279471229235
0.1,RMSprop,128,0.001,500,30,1.8958829641342163,2.052438876209514
0.1,RMSprop,128,0.001,1000,30,1.1695663928985596,1.3481214964161896
0.1,RMSprop,128,0.001,1000,30,1.264847755432129,1.479252781398441
0.1,RMSprop,128,0.001,1000,30,0.8831339478492737,1.0796719385728757
0.1,RMSprop,128,0.001,1000,30,0.5731377005577087,0.7180831967396817
0.1,RMSprop,128,0.001,1000,30,1.90782630443573,2.0417992944522445
0.1,RMSprop,128,0.1,500,10,1.2085250616073608,1.3066279891105903
0.1,RMSprop,128,0.1,500,10,2.1270198822021484,3.1735366452693103
0.1,RMSprop,128,0.1,500,10,0.3944966197013855,0.5568380708362572
0.1,RMSprop,128,0.1,500,10,0.4915663003921509,0.6369623525609193
0.1,RMSprop,128,0.1,500,10,1.8083738088607788,1.9384645091722243
0.1,RMSprop,128,0.1,1000,10,1.279211401939392,1.4487117075693698
0.1,RMSprop,128,0.1,1000,10,1.466087818145752,1.6148453858712837
0.1,RMSprop,128,0.1,1000,10,0.901325523853302,1.1111808907267073
0.1,RMSprop,128,0.1,1000,10,0.7592968940734863,0.9263937489294563
0.1,RMSprop,128,0.1,1000,10,0.9279215931892395,1.1610018541615323
0.1,RMSprop,128,0.1,500,20,1.3579075336456299,1.4810136179893558
0.1,RMSprop,128,0.1,500,20,1.2035709619522095,1.33006396405136
0.1,RMSprop,128,0.1,500,20,0.7886987328529358,1.0212193103227147
0.1,RMSprop,128,0.1,500,20,0.8065710663795471,1.0123580032430952
0.1,RMSprop,128,0.1,500,20,2.052229404449463,2.2362842005784587
0.1,RMSprop,128,0.1,1000,20,1.3409281969070435,1.4542123151607909
0.1,RMSprop,128,0.1,1000,20,1.3436901569366455,1.481868354077763
0.1,RMSprop,128,0.1,1000,20,0.7807698845863342,0.9740579761526131
0.1,RMSprop,128,0.1,1000,20,0.5492048263549805,0.6959652140888404
0.1,RMSprop,128,0.1,1000,20,1.8821390867233276,2.0127530004090213
0.1,RMSprop,128,0.1,500,30,1.3130232095718384,1.4363009386184515
0.1,RMSprop,128,0.1,500,30,1.3738856315612793,1.5203693500800526
0.1,RMSprop,128,0.1,500,30,0.7047551274299622,0.8592466085065693
0.1,RMSprop,128,0.1,500,30,0.7052454352378845,0.9277097678685629
0.1,RMSprop,128,0.1,500,30,2.0862293243408203,2.2369532082190986
0.1,RMSprop,128,0.1,1000,30,1.3605682849884033,1.5050558081129974
0.1,RMSprop,128,0.1,1000,30,1.426729440689087,1.505613472697658
0.1,RMSprop,128,0.1,1000,30,0.9419677257537842,1.1199257644676257
0.1,RMSprop,128,0.1,1000,30,0.8714447021484375,1.0474653714449087
0.1,RMSprop,128,0.1,1000,30,1.9220311641693115,2.0675476037372107
0.1,RMSprop,512,0.001,500,10,1.2028722763061523,1.291917540685373
0.1,RMSprop,512,0.001,500,10,1.4068288803100586,1.760172772488718
0.1,RMSprop,512,0.001,500,10,1.0842723846435547,1.7039055391823512
0.1,RMSprop,512,0.001,500,10,0.868959367275238,1.4306523137049583
0.1,RMSprop,512,0.001,500,10,1.7910571098327637,2.0525075277174185
0.1,RMSprop,512,0.001,1000,10,1.5226662158966064,1.8194404445083303
0.1,RMSprop,512,0.001,1000,10,1.6847401857376099,2.101203519090356
0.1,RMSprop,512,0.001,1000,10,0.869107723236084,1.3052084790610525
0.1,RMSprop,512,0.001,1000,10,1.5435880422592163,2.446908740594169
0.1,RMSprop,512,0.001,1000,10,1.6019610166549683,1.8851617110323862
0.1,RMSprop,512,0.001,500,20,1.369028925895691,1.6341909038659836
0.1,RMSprop,512,0.001,500,20,1.4975218772888184,1.855603600671247
0.1,RMSprop,512,0.001,500,20,1.0121155977249146,1.5949621639726739
0.1,RMSprop,512,0.001,500,20,1.0164835453033447,1.7154302267607744
0.1,RMSprop,512,0.001,500,20,2.1026933193206787,2.448137205754253
0.1,RMSprop,512,0.001,1000,20,1.2829996347427368,1.3745059512950712
0.1,RMSprop,512,0.001,1000,20,1.4385802745819092,1.7413040452882451
0.1,RMSprop,512,0.001,1000,20,0.8340563774108887,1.317678634650643
0.1,RMSprop,512,0.001,1000,20,0.6244702339172363,0.9510000962819914
0.1,RMSprop,512,0.001,1000,20,1.7864080667495728,1.994266935676624
0.1,RMSprop,512,0.001,500,30,1.521228551864624,1.8697386993584917
0.1,RMSprop,512,0.001,500,30,1.4518499374389648,1.8439250798262403
0.1,RMSprop,512,0.001,500,30,1.09951651096344,1.8246321607933853
0.1,RMSprop,512,0.001,500,30,0.9510905146598816,1.6396488737250015
0.1,RMSprop,512,0.001,500,30,2.202725648880005,2.6027446272005608
0.1,RMSprop,512,0.001,1000,30,1.3539493083953857,1.4244201015614817
0.1,RMSprop,512,0.001,1000,30,1.3029670715332031,1.5417021755906117
0.1,RMSprop,512,0.001,1000,30,0.7557298541069031,1.1538288955742728
0.1,RMSprop,512,0.001,1000,30,0.7119362950325012,1.1218971271511091
0.1,RMSprop,512,0.001,1000,30,1.8677481412887573,2.019512478945948
0.1,RMSprop,512,0.1,500,10,1.3278967142105103,1.6174568283710966
0.1,RMSprop,512,0.1,500,10,1.29702627658844,1.4981150704867618
0.1,RMSprop,512,0.1,500,10,1.716188669204712,2.8855671940913474
0.1,RMSprop,512,0.1,500,10,0.8467278480529785,1.4858175395754467
0.1,RMSprop,512,0.1,500,10,2.33086895942688,2.804417674226882
0.1,RMSprop,512,0.1,1000,10,2.0171875953674316,2.594348792391974
0.1,RMSprop,512,0.1,1000,10,1.878492832183838,2.3243447149426517
0.1,RMSprop,512,0.1,1000,10,0.9907929301261902,1.3528743397199057
0.1,RMSprop,512,0.1,1000,10,0.7134667634963989,1.1766866955299766
0.1,RMSprop,512,0.1,1000,10,1.6200897693634033,1.8471193723162391
0.1,RMSprop,512,0.1,500,20,1.448456048965454,1.8273934751010241
0.1,RMSprop,512,0.1,500,20,1.4024847745895386,1.6969940003315436
0.1,RMSprop,512,0.1,500,20,0.9028449654579163,1.3870328735465822
0.1,RMSprop,512,0.1,500,20,0.98253333568573,1.6469709914894863
0.1,RMSprop,512,0.1,500,20,2.217801332473755,2.535066341457521
0.1,RMSprop,512,0.1,1000,20,1.4775922298431396,1.8862563804685397
0.1,RMSprop,512,0.1,1000,20,1.4122262001037598,1.6160630449470499
0.1,RMSprop,512,0.1,1000,20,0.7861005067825317,1.1499482163919363
0.1,RMSprop,512,0.1,1000,20,0.7088091373443604,1.0689949223475395
0.1,RMSprop,512,0.1,1000,20,1.9415611028671265,2.068119600714941
0.1,RMSprop,512,0.1,500,30,1.7568994760513306,2.235616059193424
0.1,RMSprop,512,0.1,500,30,1.5982677936553955,2.0169897855727927
0.1,RMSprop,512,0.1,500,30,1.0189452171325684,1.6793915953701732
0.1,RMSprop,512,0.1,500,30,1.0939109325408936,1.7389539467108173
0.1,RMSprop,512,0.1,500,30,2.1975440979003906,2.6237098611539267
0.1,RMSprop,512,0.1,1000,30,1.48149836063385,1.7991427499519292
0.1,RMSprop,512,0.1,1000,30,1.249610424041748,1.4605720593346407
0.1,RMSprop,512,0.1,1000,30,0.566614031791687,0.8500735363285565
0.1,RMSprop,512,0.1,1000,30,0.6612063646316528,0.9439577846543746
0.1,RMSprop,512,0.1,1000,30,1.92746102809906,2.163106438602058
